[{
  "id": "591b428e-1b99-4a56-b653-dab17210b3b7",
  "to-name": "CSE186 Student",
  "to-email": "cse186-student@ucsc.edu",
  "subject": "Broderskab (Brotherhood)",
  "received": "2020-07-07T00:18:37Z",
  "content": "Duis aliquam convallis nunc. Proin at turpis a pede posuere nonummy. Integer non velit.\n\nDonec diam neque, vestibulum eget, vulputate ut, ultrices vel, augue. Vestibulum ante ipsum primis in faucibus orci luctus et ultrices posuere cubilia Curae; Donec pharetra, magna vestibulum aliquet ultrices, erat tortor sollicitudin mi, sit amet lobortis sapien sapien non mi. Integer ac neque.",
  "from-name": "Cherye O'Loughane",
  "from-email": "coloughane0@nymag.com"
}, {
  "id": "df49393d-1dc1-416c-bf71-f7cf7a1a1ec5",
  "to-name": "CSE186 Student",
  "to-email": "cse186-student@ucsc.edu",
  "subject": "Kiss Me (Kyss Mig)",
  "received": "2020-10-24T07:22:47Z",
  "content": "Lorem ipsum dolor sit amet, consectetuer adipiscing elit. Proin risus. Praesent lectus.\n\nVestibulum quam sapien, varius ut, blandit non, interdum in, ante. Vestibulum ante ipsum primis in faucibus orci luctus et ultrices posuere cubilia Curae; Duis faucibus accumsan odio. Curabitur convallis.\n\nDuis consequat dui nec nisi volutpat eleifend. Donec ut dolor. Morbi vel lectus in quam fringilla rhoncus.\n\nMauris enim leo, rhoncus sed, vestibulum sit amet, cursus id, turpis. Integer aliquet, massa id lobortis convallis, tortor risus dapibus augue, vel accumsan tellus nisi eu orci. Mauris lacinia sapien quis libero.\n\nNullam sit amet turpis elementum ligula vehicula consequat. Morbi a ipsum. Integer a nibh.",
  "from-name": "Joey Myall",
  "from-email": "jmyall1@hugedomains.com"
}, {
  "id": "c794a841-643e-43db-8a50-5b700a277935",
  "to-name": "CSE186 Student",
  "to-email": "cse186-student@ucsc.edu",
  "subject": "Under Fire",
  "received": "2020-03-05T15:18:18Z",
  "content": "Nullam sit amet turpis elementum ligula vehicula consequat. Morbi a ipsum. Integer a nibh.\n\nIn quis justo. Maecenas rhoncus aliquam lacus. Morbi quis tortor id nulla ultrices aliquet.\n\nMaecenas leo odio, condimentum id, luctus nec, molestie sed, justo. Pellentesque viverra pede ac diam. Cras pellentesque volutpat dui.",
  "from-name": "Carlotta MacDermand",
  "from-email": "cmacdermand2@sina.com.cn"
}, {
  "id": "b50fb70c-3c56-4044-8b8d-f0170b29bd6c",
  "to-name": "CSE186 Student",
  "to-email": "cse186-student@ucsc.edu",
  "subject": "Posse",
  "received": "2020-01-01T05:04:08Z",
  "content": "In quis justo. Maecenas rhoncus aliquam lacus. Morbi quis tortor id nulla ultrices aliquet.\n\nMaecenas leo odio, condimentum id, luctus nec, molestie sed, justo. Pellentesque viverra pede ac diam. Cras pellentesque volutpat dui.",
  "from-name": "Annette Bonass",
  "from-email": "abonass3@msu.edu"
}, {
  "id": "2f4bdbbd-2984-41b4-a078-e4d43b22331f",
  "to-name": "CSE186 Student",
  "to-email": "cse186-student@ucsc.edu",
  "subject": "Gods Must Be Crazy III, The (a.k.a. Crazy Safari) (Fei zhou he shang)",
  "received": "2020-07-11T09:05:45Z",
  "content": "Fusce posuere felis sed lacus. Morbi sem mauris, laoreet ut, rhoncus aliquet, pulvinar sed, nisl. Nunc rhoncus dui vel sem.\n\nSed sagittis. Nam congue, risus semper porta volutpat, quam pede lobortis ligula, sit amet eleifend pede libero quis orci. Nullam molestie nibh in lectus.\n\nPellentesque at nulla. Suspendisse potenti. Cras in purus eu magna vulputate luctus.",
  "from-name": "Sherrie Jandera",
  "from-email": "sjandera4@mtv.com"
}, {
  "id": "0e177213-4f9e-416b-9824-fd5b06ebb080",
  "to-name": "CSE186 Student",
  "to-email": "cse186-student@ucsc.edu",
  "subject": "Crossing Over",
  "received": "2019-11-22T02:35:30Z",
  "content": "Maecenas tristique, est et tempus semper, est quam pharetra magna, ac consequat metus sapien ut nunc. Vestibulum ante ipsum primis in faucibus orci luctus et ultrices posuere cubilia Curae; Mauris viverra diam vitae quam. Suspendisse potenti.\n\nNullam porttitor lacus at turpis. Donec posuere metus vitae ipsum. Aliquam non mauris.",
  "from-name": "Gweneth Paddingdon",
  "from-email": "gpaddingdon5@surveymonkey.com"
}, {
  "id": "68669a4b-2b04-4224-9cec-4197f2556de3",
  "to-name": "CSE186 Student",
  "to-email": "cse186-student@ucsc.edu",
  "subject": "Red Heat",
  "received": "2019-01-15T12:01:34Z",
  "content": "Duis bibendum. Morbi non quam nec dui luctus rutrum. Nulla tellus.\n\nIn sagittis dui vel nisl. Duis ac nibh. Fusce lacus purus, aliquet at, feugiat non, pretium quis, lectus.",
  "from-name": "Terza Dugald",
  "from-email": "tdugald6@360.cn"
}, {
  "id": "badb3495-1142-4134-ac3b-e90f7b1cf77b",
  "to-name": "CSE186 Student",
  "to-email": "cse186-student@ucsc.edu",
  "subject": "Season For Assassins",
  "received": "2020-06-11T08:31:51Z",
  "content": "Mauris enim leo, rhoncus sed, vestibulum sit amet, cursus id, turpis. Integer aliquet, massa id lobortis convallis, tortor risus dapibus augue, vel accumsan tellus nisi eu orci. Mauris lacinia sapien quis libero.\n\nNullam sit amet turpis elementum ligula vehicula consequat. Morbi a ipsum. Integer a nibh.\n\nIn quis justo. Maecenas rhoncus aliquam lacus. Morbi quis tortor id nulla ultrices aliquet.\n\nMaecenas leo odio, condimentum id, luctus nec, molestie sed, justo. Pellentesque viverra pede ac diam. Cras pellentesque volutpat dui.\n\nMaecenas tristique, est et tempus semper, est quam pharetra magna, ac consequat metus sapien ut nunc. Vestibulum ante ipsum primis in faucibus orci luctus et ultrices posuere cubilia Curae; Mauris viverra diam vitae quam. Suspendisse potenti.",
  "from-name": "Ardra Davidesco",
  "from-email": "adavidesco7@answers.com"
}, {
  "id": "38e477ad-9f32-4e02-8114-b533a91973d6",
  "to-name": "CSE186 Student",
  "to-email": "cse186-student@ucsc.edu",
  "subject": "Deep Blue Sea, The",
  "received": "2019-10-25T07:21:17Z",
  "content": "In sagittis dui vel nisl. Duis ac nibh. Fusce lacus purus, aliquet at, feugiat non, pretium quis, lectus.\n\nSuspendisse potenti. In eleifend quam a odio. In hac habitasse platea dictumst.\n\nMaecenas ut massa quis augue luctus tincidunt. Nulla mollis molestie lorem. Quisque ut erat.\n\nCurabitur gravida nisi at nibh. In hac habitasse platea dictumst. Aliquam augue quam, sollicitudin vitae, consectetuer eget, rutrum at, lorem.",
  "from-name": "Claretta Lawlings",
  "from-email": "clawlings8@mail.ru"
}, {
  "id": "bc2d79af-58c1-4218-990a-86c030db21c5",
  "to-name": "CSE186 Student",
  "to-email": "cse186-student@ucsc.edu",
  "subject": "Magic Gloves, The (Los guantes mágicos)",
  "received": "2020-05-29T08:48:48Z",
  "content": "Nullam porttitor lacus at turpis. Donec posuere metus vitae ipsum. Aliquam non mauris.\n\nMorbi non lectus. Aliquam sit amet diam in magna bibendum imperdiet. Nullam orci pede, venenatis non, sodales sed, tincidunt eu, felis.\n\nFusce posuere felis sed lacus. Morbi sem mauris, laoreet ut, rhoncus aliquet, pulvinar sed, nisl. Nunc rhoncus dui vel sem.\n\nSed sagittis. Nam congue, risus semper porta volutpat, quam pede lobortis ligula, sit amet eleifend pede libero quis orci. Nullam molestie nibh in lectus.\n\nPellentesque at nulla. Suspendisse potenti. Cras in purus eu magna vulputate luctus.",
  "from-name": "Allyn Vedenyapin",
  "from-email": "avedenyapin9@devhub.com"
}, {
  "id": "9d9cb476-1402-4d70-a478-9bdf18fbc5b7",
  "to-name": "CSE186 Student",
  "to-email": "cse186-student@ucsc.edu",
  "subject": "Prison",
  "received": "2019-10-08T17:57:02Z",
  "content": "Aliquam quis turpis eget elit sodales scelerisque. Mauris sit amet eros. Suspendisse accumsan tortor quis turpis.\n\nSed ante. Vivamus tortor. Duis mattis egestas metus.\n\nAenean fermentum. Donec ut mauris eget massa tempor convallis. Nulla neque libero, convallis eget, eleifend luctus, ultricies eu, nibh.",
  "from-name": "Joshua Calam",
  "from-email": "jcalama@phoca.cz"
}, {
  "id": "17731287-7c23-42f8-99d2-b3d1856be203",
  "to-name": "CSE186 Student",
  "to-email": "cse186-student@ucsc.edu",
  "subject": "Girl 6",
  "received": "2020-07-17T00:51:16Z",
  "content": "Nulla ut erat id mauris vulputate elementum. Nullam varius. Nulla facilisi.\n\nCras non velit nec nisi vulputate nonummy. Maecenas tincidunt lacus at velit. Vivamus vel nulla eget eros elementum pellentesque.\n\nQuisque porta volutpat erat. Quisque erat eros, viverra eget, congue eget, semper rutrum, nulla. Nunc purus.",
  "from-name": "Jerrome Ochiltree",
  "from-email": "jochiltreeb@buzzfeed.com"
}, {
  "id": "521a36b5-c101-4604-a140-31a6966305b9",
  "to-name": "CSE186 Student",
  "to-email": "cse186-student@ucsc.edu",
  "subject": "She",
  "received": "2019-02-27T04:38:00Z",
  "content": "Integer tincidunt ante vel ipsum. Praesent blandit lacinia erat. Vestibulum sed magna at nunc commodo placerat.\n\nPraesent blandit. Nam nulla. Integer pede justo, lacinia eget, tincidunt eget, tempus vel, pede.\n\nMorbi porttitor lorem id ligula. Suspendisse ornare consequat lectus. In est risus, auctor sed, tristique in, tempus sit amet, sem.\n\nFusce consequat. Nulla nisl. Nunc nisl.\n\nDuis bibendum, felis sed interdum venenatis, turpis enim blandit mi, in porttitor pede justo eu massa. Donec dapibus. Duis at velit eu est congue elementum.",
  "from-name": "Kailey Thelwll",
  "from-email": "kthelwllc@infoseek.co.jp"
}, {
  "id": "3ace9012-1a14-400f-95d7-1136ef874281",
  "to-name": "CSE186 Student",
  "to-email": "cse186-student@ucsc.edu",
  "subject": "Killing Fields, The",
  "received": "2019-06-17T05:31:13Z",
  "content": "Proin leo odio, porttitor id, consequat in, consequat ut, nulla. Sed accumsan felis. Ut at dolor quis odio consequat varius.\n\nInteger ac leo. Pellentesque ultrices mattis odio. Donec vitae nisi.",
  "from-name": "Fleurette Froude",
  "from-email": "ffrouded@apple.com"
}, {
  "id": "99bd9633-0dc6-4e48-b48b-51996afb3e80",
  "to-name": "CSE186 Student",
  "to-email": "cse186-student@ucsc.edu",
  "subject": "Shorts",
  "received": "2019-04-10T01:35:05Z",
  "content": "Fusce consequat. Nulla nisl. Nunc nisl.\n\nDuis bibendum, felis sed interdum venenatis, turpis enim blandit mi, in porttitor pede justo eu massa. Donec dapibus. Duis at velit eu est congue elementum.\n\nIn hac habitasse platea dictumst. Morbi vestibulum, velit id pretium iaculis, diam erat fermentum justo, nec condimentum neque sapien placerat ante. Nulla justo.\n\nAliquam quis turpis eget elit sodales scelerisque. Mauris sit amet eros. Suspendisse accumsan tortor quis turpis.\n\nSed ante. Vivamus tortor. Duis mattis egestas metus.",
  "from-name": "Channa Coltherd",
  "from-email": "ccoltherde@bloglines.com"
}, {
  "id": "2eadd5d4-04c5-4102-a93b-9ce13b61d86e",
  "to-name": "CSE186 Student",
  "to-email": "cse186-student@ucsc.edu",
  "subject": "Coast Guard, The (Hae anseon)",
  "received": "2020-06-19T07:15:34Z",
  "content": "Aliquam quis turpis eget elit sodales scelerisque. Mauris sit amet eros. Suspendisse accumsan tortor quis turpis.\n\nSed ante. Vivamus tortor. Duis mattis egestas metus.\n\nAenean fermentum. Donec ut mauris eget massa tempor convallis. Nulla neque libero, convallis eget, eleifend luctus, ultricies eu, nibh.\n\nQuisque id justo sit amet sapien dignissim vestibulum. Vestibulum ante ipsum primis in faucibus orci luctus et ultrices posuere cubilia Curae; Nulla dapibus dolor vel est. Donec odio justo, sollicitudin ut, suscipit a, feugiat et, eros.",
  "from-name": "Carlita Kleanthous",
  "from-email": "ckleanthousf@blogs.com"
}, {
  "id": "11c0f396-a442-4ec5-b85f-43224f562260",
  "to-name": "CSE186 Student",
  "to-email": "cse186-student@ucsc.edu",
  "subject": "Laugh, Clown, Laugh",
  "received": "2020-09-19T08:01:28Z",
  "content": "Proin interdum mauris non ligula pellentesque ultrices. Phasellus id sapien in sapien iaculis congue. Vivamus metus arcu, adipiscing molestie, hendrerit at, vulputate vitae, nisl.\n\nAenean lectus. Pellentesque eget nunc. Donec quis orci eget orci vehicula condimentum.",
  "from-name": "Travus Collop",
  "from-email": "tcollopg@artisteer.com"
}, {
  "id": "99dd4902-8733-44de-a6cd-dc1dc0962a94",
  "to-name": "CSE186 Student",
  "to-email": "cse186-student@ucsc.edu",
  "subject": "47 Ronin",
  "received": "2020-10-01T14:12:34Z",
  "content": "Integer ac leo. Pellentesque ultrices mattis odio. Donec vitae nisi.\n\nNam ultrices, libero non mattis pulvinar, nulla pede ullamcorper augue, a suscipit nulla elit ac nulla. Sed vel enim sit amet nunc viverra dapibus. Nulla suscipit ligula in lacus.\n\nCurabitur at ipsum ac tellus semper interdum. Mauris ullamcorper purus sit amet nulla. Quisque arcu libero, rutrum ac, lobortis vel, dapibus at, diam.",
  "from-name": "Burlie Knell",
  "from-email": "bknellh@weather.com"
}, {
  "id": "cf2cee57-8096-42f4-a84b-cfdf5be17043",
  "to-name": "CSE186 Student",
  "to-email": "cse186-student@ucsc.edu",
  "subject": "Pineapple Express",
  "received": "2019-03-14T13:11:28Z",
  "content": "Mauris enim leo, rhoncus sed, vestibulum sit amet, cursus id, turpis. Integer aliquet, massa id lobortis convallis, tortor risus dapibus augue, vel accumsan tellus nisi eu orci. Mauris lacinia sapien quis libero.\n\nNullam sit amet turpis elementum ligula vehicula consequat. Morbi a ipsum. Integer a nibh.\n\nIn quis justo. Maecenas rhoncus aliquam lacus. Morbi quis tortor id nulla ultrices aliquet.\n\nMaecenas leo odio, condimentum id, luctus nec, molestie sed, justo. Pellentesque viverra pede ac diam. Cras pellentesque volutpat dui.",
  "from-name": "Chicky Trahear",
  "from-email": "ctraheari@techcrunch.com"
}, {
  "id": "2ef7719f-7c37-45aa-b031-a5856d313064",
  "to-name": "CSE186 Student",
  "to-email": "cse186-student@ucsc.edu",
  "subject": "Wild Child",
  "received": "2019-09-12T12:47:56Z",
  "content": "Aenean fermentum. Donec ut mauris eget massa tempor convallis. Nulla neque libero, convallis eget, eleifend luctus, ultricies eu, nibh.\n\nQuisque id justo sit amet sapien dignissim vestibulum. Vestibulum ante ipsum primis in faucibus orci luctus et ultrices posuere cubilia Curae; Nulla dapibus dolor vel est. Donec odio justo, sollicitudin ut, suscipit a, feugiat et, eros.",
  "from-name": "Vivian Dumphy",
  "from-email": "vdumphyj@4shared.com"
}, {
  "id": "49a2135b-bb69-4d77-9793-28c4aba038f7",
  "to-name": "CSE186 Student",
  "to-email": "cse186-student@ucsc.edu",
  "subject": "Shallow Hal",
  "received": "2020-08-14T12:58:10Z",
  "content": "Morbi porttitor lorem id ligula. Suspendisse ornare consequat lectus. In est risus, auctor sed, tristique in, tempus sit amet, sem.\n\nFusce consequat. Nulla nisl. Nunc nisl.",
  "from-name": "Lyn Brodnecke",
  "from-email": "lbrodneckek@sina.com.cn"
}, {
  "id": "c91408fb-b952-4793-8c2a-d7ac9fe1046f",
  "to-name": "CSE186 Student",
  "to-email": "cse186-student@ucsc.edu",
  "subject": "Walking Dead, The",
  "received": "2019-08-08T11:23:22Z",
  "content": "Aenean fermentum. Donec ut mauris eget massa tempor convallis. Nulla neque libero, convallis eget, eleifend luctus, ultricies eu, nibh.\n\nQuisque id justo sit amet sapien dignissim vestibulum. Vestibulum ante ipsum primis in faucibus orci luctus et ultrices posuere cubilia Curae; Nulla dapibus dolor vel est. Donec odio justo, sollicitudin ut, suscipit a, feugiat et, eros.\n\nVestibulum ac est lacinia nisi venenatis tristique. Fusce congue, diam id ornare imperdiet, sapien urna pretium nisl, ut volutpat sapien arcu sed augue. Aliquam erat volutpat.\n\nIn congue. Etiam justo. Etiam pretium iaculis justo.\n\nIn hac habitasse platea dictumst. Etiam faucibus cursus urna. Ut tellus.",
  "from-name": "Tucky Trevaskis",
  "from-email": "ttrevaskisl@storify.com"
}, {
  "id": "a493b534-a6a5-438c-bf20-2fe934ad26f6",
  "to-name": "CSE186 Student",
  "to-email": "cse186-student@ucsc.edu",
  "subject": "Ruggles of Red Gap",
  "received": "2020-10-12T22:36:19Z",
  "content": "Phasellus in felis. Donec semper sapien a libero. Nam dui.\n\nProin leo odio, porttitor id, consequat in, consequat ut, nulla. Sed accumsan felis. Ut at dolor quis odio consequat varius.\n\nInteger ac leo. Pellentesque ultrices mattis odio. Donec vitae nisi.\n\nNam ultrices, libero non mattis pulvinar, nulla pede ullamcorper augue, a suscipit nulla elit ac nulla. Sed vel enim sit amet nunc viverra dapibus. Nulla suscipit ligula in lacus.",
  "from-name": "Isabella Emmett",
  "from-email": "iemmettm@samsung.com"
}, {
  "id": "f15c2cb4-a3b0-4794-bf49-2e4a2203fadd",
  "to-name": "CSE186 Student",
  "to-email": "cse186-student@ucsc.edu",
  "subject": "I Don't Want to Talk About It (De eso no se habla)",
  "received": "2019-04-24T16:00:20Z",
  "content": "Aliquam quis turpis eget elit sodales scelerisque. Mauris sit amet eros. Suspendisse accumsan tortor quis turpis.\n\nSed ante. Vivamus tortor. Duis mattis egestas metus.\n\nAenean fermentum. Donec ut mauris eget massa tempor convallis. Nulla neque libero, convallis eget, eleifend luctus, ultricies eu, nibh.\n\nQuisque id justo sit amet sapien dignissim vestibulum. Vestibulum ante ipsum primis in faucibus orci luctus et ultrices posuere cubilia Curae; Nulla dapibus dolor vel est. Donec odio justo, sollicitudin ut, suscipit a, feugiat et, eros.",
  "from-name": "Yorke Kenrick",
  "from-email": "ykenrickn@mlb.com"
}, {
  "id": "ce8b16de-9cd5-4de4-b03f-e54fc6f0dd2b",
  "to-name": "CSE186 Student",
  "to-email": "cse186-student@ucsc.edu",
  "subject": "The Well-Digger's Daughter",
  "received": "2019-03-02T13:53:09Z",
  "content": "Donec diam neque, vestibulum eget, vulputate ut, ultrices vel, augue. Vestibulum ante ipsum primis in faucibus orci luctus et ultrices posuere cubilia Curae; Donec pharetra, magna vestibulum aliquet ultrices, erat tortor sollicitudin mi, sit amet lobortis sapien sapien non mi. Integer ac neque.\n\nDuis bibendum. Morbi non quam nec dui luctus rutrum. Nulla tellus.\n\nIn sagittis dui vel nisl. Duis ac nibh. Fusce lacus purus, aliquet at, feugiat non, pretium quis, lectus.",
  "from-name": "Godiva McCoveney",
  "from-email": "gmccoveneyo@wisc.edu"
}, {
  "id": "98a37741-da38-49ed-aea1-7e5ed3cdcd11",
  "to-name": "CSE186 Student",
  "to-email": "cse186-student@ucsc.edu",
  "subject": "Horns",
  "received": "2020-06-25T23:44:54Z",
  "content": "In hac habitasse platea dictumst. Etiam faucibus cursus urna. Ut tellus.\n\nNulla ut erat id mauris vulputate elementum. Nullam varius. Nulla facilisi.\n\nCras non velit nec nisi vulputate nonummy. Maecenas tincidunt lacus at velit. Vivamus vel nulla eget eros elementum pellentesque.",
  "from-name": "Shayne Large",
  "from-email": "slargep@paginegialle.it"
}, {
  "id": "a6b0dd8f-a1d0-49a1-9ec1-1aa7b437b43b",
  "to-name": "CSE186 Student",
  "to-email": "cse186-student@ucsc.edu",
  "subject": "Japon (a.k.a. Japan) (Japón)",
  "received": "2020-03-22T02:09:48Z",
  "content": "Duis bibendum, felis sed interdum venenatis, turpis enim blandit mi, in porttitor pede justo eu massa. Donec dapibus. Duis at velit eu est congue elementum.\n\nIn hac habitasse platea dictumst. Morbi vestibulum, velit id pretium iaculis, diam erat fermentum justo, nec condimentum neque sapien placerat ante. Nulla justo.",
  "from-name": "Shaylyn Tenbrug",
  "from-email": "stenbrugq@moonfruit.com"
}, {
  "id": "505e1428-ffec-4d1d-a67b-3500f0c8026c",
  "to-name": "CSE186 Student",
  "to-email": "cse186-student@ucsc.edu",
  "subject": "Effi Briest (Fontane - Effi Briest)",
  "received": "2020-10-21T13:20:55Z",
  "content": "Nulla ut erat id mauris vulputate elementum. Nullam varius. Nulla facilisi.\n\nCras non velit nec nisi vulputate nonummy. Maecenas tincidunt lacus at velit. Vivamus vel nulla eget eros elementum pellentesque.\n\nQuisque porta volutpat erat. Quisque erat eros, viverra eget, congue eget, semper rutrum, nulla. Nunc purus.\n\nPhasellus in felis. Donec semper sapien a libero. Nam dui.\n\nProin leo odio, porttitor id, consequat in, consequat ut, nulla. Sed accumsan felis. Ut at dolor quis odio consequat varius.",
  "from-name": "Hartwell Ianno",
  "from-email": "hiannor@youtu.be"
}, {
  "id": "c8e2cdbb-9569-425e-86a8-a998791210b7",
  "to-name": "CSE186 Student",
  "to-email": "cse186-student@ucsc.edu",
  "subject": "Stage Beauty",
  "received": "2019-08-21T05:50:32Z",
  "content": "Lorem ipsum dolor sit amet, consectetuer adipiscing elit. Proin risus. Praesent lectus.\n\nVestibulum quam sapien, varius ut, blandit non, interdum in, ante. Vestibulum ante ipsum primis in faucibus orci luctus et ultrices posuere cubilia Curae; Duis faucibus accumsan odio. Curabitur convallis.\n\nDuis consequat dui nec nisi volutpat eleifend. Donec ut dolor. Morbi vel lectus in quam fringilla rhoncus.\n\nMauris enim leo, rhoncus sed, vestibulum sit amet, cursus id, turpis. Integer aliquet, massa id lobortis convallis, tortor risus dapibus augue, vel accumsan tellus nisi eu orci. Mauris lacinia sapien quis libero.\n\nNullam sit amet turpis elementum ligula vehicula consequat. Morbi a ipsum. Integer a nibh.",
  "from-name": "Ella Muncaster",
  "from-email": "emuncasters@senate.gov"
}, {
  "id": "cd79e057-f4da-4153-a5c6-2c4efb0bf892",
  "to-name": "CSE186 Student",
  "to-email": "cse186-student@ucsc.edu",
  "subject": "Tales from the Hood",
  "received": "2019-01-23T06:25:38Z",
  "content": "Duis bibendum. Morbi non quam nec dui luctus rutrum. Nulla tellus.\n\nIn sagittis dui vel nisl. Duis ac nibh. Fusce lacus purus, aliquet at, feugiat non, pretium quis, lectus.\n\nSuspendisse potenti. In eleifend quam a odio. In hac habitasse platea dictumst.\n\nMaecenas ut massa quis augue luctus tincidunt. Nulla mollis molestie lorem. Quisque ut erat.\n\nCurabitur gravida nisi at nibh. In hac habitasse platea dictumst. Aliquam augue quam, sollicitudin vitae, consectetuer eget, rutrum at, lorem.",
  "from-name": "Lyndsie Mazzeo",
  "from-email": "lmazzeot@ucsd.edu"
}, {
  "id": "15474355-47d9-434e-9265-b2ad952a8e8b",
  "to-name": "CSE186 Student",
  "to-email": "cse186-student@ucsc.edu",
  "subject": "Puppetmaster, The (Xi meng ren sheng)",
  "received": "2020-01-26T02:54:39Z",
  "content": "Cras non velit nec nisi vulputate nonummy. Maecenas tincidunt lacus at velit. Vivamus vel nulla eget eros elementum pellentesque.\n\nQuisque porta volutpat erat. Quisque erat eros, viverra eget, congue eget, semper rutrum, nulla. Nunc purus.\n\nPhasellus in felis. Donec semper sapien a libero. Nam dui.",
  "from-name": "Thomasine Verheijden",
  "from-email": "tverheijdenu@hibu.com"
}, {
  "id": "d8ed2219-2213-443b-9b8b-4ca60d697916",
  "to-name": "CSE186 Student",
  "to-email": "cse186-student@ucsc.edu",
  "subject": "Haunter",
  "received": "2019-05-17T20:23:36Z",
  "content": "In hac habitasse platea dictumst. Etiam faucibus cursus urna. Ut tellus.\n\nNulla ut erat id mauris vulputate elementum. Nullam varius. Nulla facilisi.\n\nCras non velit nec nisi vulputate nonummy. Maecenas tincidunt lacus at velit. Vivamus vel nulla eget eros elementum pellentesque.\n\nQuisque porta volutpat erat. Quisque erat eros, viverra eget, congue eget, semper rutrum, nulla. Nunc purus.",
  "from-name": "Ede McCathay",
  "from-email": "emccathayv@bravesites.com"
}, {
  "id": "eb516715-9144-447e-87af-68300293c3e7",
  "to-name": "CSE186 Student",
  "to-email": "cse186-student@ucsc.edu",
  "subject": "Lumberjacking (Nuoruuteni savotat)",
  "received": "2019-07-19T22:31:54Z",
  "content": "Phasellus in felis. Donec semper sapien a libero. Nam dui.\n\nProin leo odio, porttitor id, consequat in, consequat ut, nulla. Sed accumsan felis. Ut at dolor quis odio consequat varius.\n\nInteger ac leo. Pellentesque ultrices mattis odio. Donec vitae nisi.",
  "from-name": "Tammy Downes",
  "from-email": "tdownesw@shareasale.com"
}, {
  "id": "ff876443-2dab-4560-8064-db0c898a24e7",
  "to-name": "CSE186 Student",
  "to-email": "cse186-student@ucsc.edu",
  "subject": "Hardcore",
  "received": "2020-01-07T16:10:08Z",
  "content": "Fusce posuere felis sed lacus. Morbi sem mauris, laoreet ut, rhoncus aliquet, pulvinar sed, nisl. Nunc rhoncus dui vel sem.\n\nSed sagittis. Nam congue, risus semper porta volutpat, quam pede lobortis ligula, sit amet eleifend pede libero quis orci. Nullam molestie nibh in lectus.",
  "from-name": "Elmo Eltone",
  "from-email": "eeltonex@ehow.com"
}, {
  "id": "5c48ad56-0ff4-4d9c-a444-5a6145927792",
  "to-name": "CSE186 Student",
  "to-email": "cse186-student@ucsc.edu",
  "subject": "Cold Storage",
  "received": "2020-04-04T01:03:04Z",
  "content": "Morbi non lectus. Aliquam sit amet diam in magna bibendum imperdiet. Nullam orci pede, venenatis non, sodales sed, tincidunt eu, felis.\n\nFusce posuere felis sed lacus. Morbi sem mauris, laoreet ut, rhoncus aliquet, pulvinar sed, nisl. Nunc rhoncus dui vel sem.",
  "from-name": "Shellie Christy",
  "from-email": "schristyy@rambler.ru"
}, {
  "id": "8f47ef99-ed3e-47f0-a612-2625a9b8df42",
  "to-name": "CSE186 Student",
  "to-email": "cse186-student@ucsc.edu",
  "subject": "Turbo: A Power Rangers Movie",
  "received": "2019-06-08T11:19:04Z",
  "content": "Maecenas tristique, est et tempus semper, est quam pharetra magna, ac consequat metus sapien ut nunc. Vestibulum ante ipsum primis in faucibus orci luctus et ultrices posuere cubilia Curae; Mauris viverra diam vitae quam. Suspendisse potenti.\n\nNullam porttitor lacus at turpis. Donec posuere metus vitae ipsum. Aliquam non mauris.\n\nMorbi non lectus. Aliquam sit amet diam in magna bibendum imperdiet. Nullam orci pede, venenatis non, sodales sed, tincidunt eu, felis.",
  "from-name": "Tanhya Burnie",
  "from-email": "tburniez@multiply.com"
}, {
  "id": "31720079-80ce-4dd3-8740-e23ae42e43d5",
  "to-name": "CSE186 Student",
  "to-email": "cse186-student@ucsc.edu",
  "subject": "The Shoe",
  "received": "2019-04-07T14:11:03Z",
  "content": "Aenean fermentum. Donec ut mauris eget massa tempor convallis. Nulla neque libero, convallis eget, eleifend luctus, ultricies eu, nibh.\n\nQuisque id justo sit amet sapien dignissim vestibulum. Vestibulum ante ipsum primis in faucibus orci luctus et ultrices posuere cubilia Curae; Nulla dapibus dolor vel est. Donec odio justo, sollicitudin ut, suscipit a, feugiat et, eros.\n\nVestibulum ac est lacinia nisi venenatis tristique. Fusce congue, diam id ornare imperdiet, sapien urna pretium nisl, ut volutpat sapien arcu sed augue. Aliquam erat volutpat.\n\nIn congue. Etiam justo. Etiam pretium iaculis justo.",
  "from-name": "Ella Grainge",
  "from-email": "egrainge10@sourceforge.net"
}, {
  "id": "d80ae63d-a336-4af1-a6d1-08da94df58a7",
  "to-name": "CSE186 Student",
  "to-email": "cse186-student@ucsc.edu",
  "subject": "Take a Giant Step",
  "received": "2019-07-04T04:26:47Z",
  "content": "Proin interdum mauris non ligula pellentesque ultrices. Phasellus id sapien in sapien iaculis congue. Vivamus metus arcu, adipiscing molestie, hendrerit at, vulputate vitae, nisl.\n\nAenean lectus. Pellentesque eget nunc. Donec quis orci eget orci vehicula condimentum.\n\nCurabitur in libero ut massa volutpat convallis. Morbi odio odio, elementum eu, interdum eu, tincidunt in, leo. Maecenas pulvinar lobortis est.\n\nPhasellus sit amet erat. Nulla tempus. Vivamus in felis eu sapien cursus vestibulum.",
  "from-name": "Rochette Maddin",
  "from-email": "rmaddin11@irs.gov"
}, {
  "id": "1cf7069a-5a66-44a4-9a7f-a17d7e2bef62",
  "to-name": "CSE186 Student",
  "to-email": "cse186-student@ucsc.edu",
  "subject": "Close to Home (Karov La Bayit)",
  "received": "2019-07-01T06:04:28Z",
  "content": "Phasellus in felis. Donec semper sapien a libero. Nam dui.\n\nProin leo odio, porttitor id, consequat in, consequat ut, nulla. Sed accumsan felis. Ut at dolor quis odio consequat varius.",
  "from-name": "Mattias Thewlis",
  "from-email": "mthewlis12@cnbc.com"
}, {
  "id": "032790cd-e843-428d-b784-af7fd6fcf6b2",
  "to-name": "CSE186 Student",
  "to-email": "cse186-student@ucsc.edu",
  "subject": "Waterloo",
  "received": "2019-03-02T02:43:01Z",
  "content": "Vestibulum quam sapien, varius ut, blandit non, interdum in, ante. Vestibulum ante ipsum primis in faucibus orci luctus et ultrices posuere cubilia Curae; Duis faucibus accumsan odio. Curabitur convallis.\n\nDuis consequat dui nec nisi volutpat eleifend. Donec ut dolor. Morbi vel lectus in quam fringilla rhoncus.",
  "from-name": "Emmey Limpenny",
  "from-email": "elimpenny13@zimbio.com"
}, {
  "id": "46bd2696-7df4-4ef6-a00d-a2a836d0eb07",
  "to-name": "CSE186 Student",
  "to-email": "cse186-student@ucsc.edu",
  "subject": "Ploy",
  "received": "2020-09-28T10:36:25Z",
  "content": "Phasellus in felis. Donec semper sapien a libero. Nam dui.\n\nProin leo odio, porttitor id, consequat in, consequat ut, nulla. Sed accumsan felis. Ut at dolor quis odio consequat varius.\n\nInteger ac leo. Pellentesque ultrices mattis odio. Donec vitae nisi.\n\nNam ultrices, libero non mattis pulvinar, nulla pede ullamcorper augue, a suscipit nulla elit ac nulla. Sed vel enim sit amet nunc viverra dapibus. Nulla suscipit ligula in lacus.\n\nCurabitur at ipsum ac tellus semper interdum. Mauris ullamcorper purus sit amet nulla. Quisque arcu libero, rutrum ac, lobortis vel, dapibus at, diam.",
  "from-name": "Barny Eteen",
  "from-email": "beteen14@globo.com"
}, {
  "id": "078be0dc-f890-4658-92b6-8de6dc545df0",
  "to-name": "CSE186 Student",
  "to-email": "cse186-student@ucsc.edu",
  "subject": "Golden Coach, The (Le carrosse d'or)",
  "received": "2019-02-22T16:51:39Z",
  "content": "Sed ante. Vivamus tortor. Duis mattis egestas metus.\n\nAenean fermentum. Donec ut mauris eget massa tempor convallis. Nulla neque libero, convallis eget, eleifend luctus, ultricies eu, nibh.\n\nQuisque id justo sit amet sapien dignissim vestibulum. Vestibulum ante ipsum primis in faucibus orci luctus et ultrices posuere cubilia Curae; Nulla dapibus dolor vel est. Donec odio justo, sollicitudin ut, suscipit a, feugiat et, eros.\n\nVestibulum ac est lacinia nisi venenatis tristique. Fusce congue, diam id ornare imperdiet, sapien urna pretium nisl, ut volutpat sapien arcu sed augue. Aliquam erat volutpat.",
  "from-name": "Sena Lewerenz",
  "from-email": "slewerenz15@naver.com"
}, {
  "id": "4934f41e-35f0-4f06-a70b-95dfee0e023a",
  "to-name": "CSE186 Student",
  "to-email": "cse186-student@ucsc.edu",
  "subject": "Under Ten Flags",
  "received": "2020-11-05T05:36:38Z",
  "content": "Aliquam quis turpis eget elit sodales scelerisque. Mauris sit amet eros. Suspendisse accumsan tortor quis turpis.\n\nSed ante. Vivamus tortor. Duis mattis egestas metus.\n\nAenean fermentum. Donec ut mauris eget massa tempor convallis. Nulla neque libero, convallis eget, eleifend luctus, ultricies eu, nibh.\n\nQuisque id justo sit amet sapien dignissim vestibulum. Vestibulum ante ipsum primis in faucibus orci luctus et ultrices posuere cubilia Curae; Nulla dapibus dolor vel est. Donec odio justo, sollicitudin ut, suscipit a, feugiat et, eros.",
  "from-name": "Melloney Lias",
  "from-email": "mlias16@stumbleupon.com"
}, {
  "id": "d34b4fb6-5a34-4fad-bfc0-a938c576725f",
  "to-name": "CSE186 Student",
  "to-email": "cse186-student@ucsc.edu",
  "subject": "Lions For Lambs",
  "received": "2020-03-26T22:22:30Z",
  "content": "Vestibulum quam sapien, varius ut, blandit non, interdum in, ante. Vestibulum ante ipsum primis in faucibus orci luctus et ultrices posuere cubilia Curae; Duis faucibus accumsan odio. Curabitur convallis.\n\nDuis consequat dui nec nisi volutpat eleifend. Donec ut dolor. Morbi vel lectus in quam fringilla rhoncus.\n\nMauris enim leo, rhoncus sed, vestibulum sit amet, cursus id, turpis. Integer aliquet, massa id lobortis convallis, tortor risus dapibus augue, vel accumsan tellus nisi eu orci. Mauris lacinia sapien quis libero.",
  "from-name": "Lizbeth Pedlow",
  "from-email": "lpedlow17@jiathis.com"
}, {
  "id": "1938ad2f-baa7-42bd-bf74-5d656a047d72",
  "to-name": "CSE186 Student",
  "to-email": "cse186-student@ucsc.edu",
  "subject": "Death by China ",
  "received": "2020-05-12T15:48:50Z",
  "content": "Duis consequat dui nec nisi volutpat eleifend. Donec ut dolor. Morbi vel lectus in quam fringilla rhoncus.\n\nMauris enim leo, rhoncus sed, vestibulum sit amet, cursus id, turpis. Integer aliquet, massa id lobortis convallis, tortor risus dapibus augue, vel accumsan tellus nisi eu orci. Mauris lacinia sapien quis libero.\n\nNullam sit amet turpis elementum ligula vehicula consequat. Morbi a ipsum. Integer a nibh.\n\nIn quis justo. Maecenas rhoncus aliquam lacus. Morbi quis tortor id nulla ultrices aliquet.\n\nMaecenas leo odio, condimentum id, luctus nec, molestie sed, justo. Pellentesque viverra pede ac diam. Cras pellentesque volutpat dui.",
  "from-name": "Sisely Pym",
  "from-email": "spym18@wikispaces.com"
}, {
  "id": "81da3081-1756-4e79-a59c-258342189c88",
  "to-name": "CSE186 Student",
  "to-email": "cse186-student@ucsc.edu",
  "subject": "Assault on Precinct 13",
  "received": "2019-12-07T20:30:10Z",
  "content": "In hac habitasse platea dictumst. Etiam faucibus cursus urna. Ut tellus.\n\nNulla ut erat id mauris vulputate elementum. Nullam varius. Nulla facilisi.\n\nCras non velit nec nisi vulputate nonummy. Maecenas tincidunt lacus at velit. Vivamus vel nulla eget eros elementum pellentesque.",
  "from-name": "Schuyler St Angel",
  "from-email": "sst19@simplemachines.org"
}, {
  "id": "a5e8b238-b351-4425-9558-5319b07f4552",
  "to-name": "CSE186 Student",
  "to-email": "cse186-student@ucsc.edu",
  "subject": "Whose Life Is It Anyway?",
  "received": "2019-05-13T12:02:09Z",
  "content": "Cras non velit nec nisi vulputate nonummy. Maecenas tincidunt lacus at velit. Vivamus vel nulla eget eros elementum pellentesque.\n\nQuisque porta volutpat erat. Quisque erat eros, viverra eget, congue eget, semper rutrum, nulla. Nunc purus.\n\nPhasellus in felis. Donec semper sapien a libero. Nam dui.\n\nProin leo odio, porttitor id, consequat in, consequat ut, nulla. Sed accumsan felis. Ut at dolor quis odio consequat varius.\n\nInteger ac leo. Pellentesque ultrices mattis odio. Donec vitae nisi.",
  "from-name": "Abagail Dever",
  "from-email": "adever1a@de.vu"
}, {
  "id": "20859d2f-94c8-4551-bfc3-162791be91d9",
  "to-name": "CSE186 Student",
  "to-email": "cse186-student@ucsc.edu",
  "subject": "Stromboli",
  "received": "2020-01-13T07:59:35Z",
  "content": "Quisque id justo sit amet sapien dignissim vestibulum. Vestibulum ante ipsum primis in faucibus orci luctus et ultrices posuere cubilia Curae; Nulla dapibus dolor vel est. Donec odio justo, sollicitudin ut, suscipit a, feugiat et, eros.\n\nVestibulum ac est lacinia nisi venenatis tristique. Fusce congue, diam id ornare imperdiet, sapien urna pretium nisl, ut volutpat sapien arcu sed augue. Aliquam erat volutpat.",
  "from-name": "Birgit Josilowski",
  "from-email": "bjosilowski1b@blogtalkradio.com"
}, {
  "id": "d194f7ab-d807-458b-a2f4-654d3760d207",
  "to-name": "CSE186 Student",
  "to-email": "cse186-student@ucsc.edu",
  "subject": "State Fair",
  "received": "2020-03-23T15:38:10Z",
  "content": "Aliquam quis turpis eget elit sodales scelerisque. Mauris sit amet eros. Suspendisse accumsan tortor quis turpis.\n\nSed ante. Vivamus tortor. Duis mattis egestas metus.\n\nAenean fermentum. Donec ut mauris eget massa tempor convallis. Nulla neque libero, convallis eget, eleifend luctus, ultricies eu, nibh.\n\nQuisque id justo sit amet sapien dignissim vestibulum. Vestibulum ante ipsum primis in faucibus orci luctus et ultrices posuere cubilia Curae; Nulla dapibus dolor vel est. Donec odio justo, sollicitudin ut, suscipit a, feugiat et, eros.",
  "from-name": "Hort Wisham",
  "from-email": "hwisham1c@bigcartel.com"
}, {
  "id": "ebd5435b-f12e-44f6-a674-04ed2cea77f5",
  "to-name": "CSE186 Student",
  "to-email": "cse186-student@ucsc.edu",
  "subject": "My Cousin Rachel",
  "received": "2019-12-12T10:04:09Z",
  "content": "Sed ante. Vivamus tortor. Duis mattis egestas metus.\n\nAenean fermentum. Donec ut mauris eget massa tempor convallis. Nulla neque libero, convallis eget, eleifend luctus, ultricies eu, nibh.\n\nQuisque id justo sit amet sapien dignissim vestibulum. Vestibulum ante ipsum primis in faucibus orci luctus et ultrices posuere cubilia Curae; Nulla dapibus dolor vel est. Donec odio justo, sollicitudin ut, suscipit a, feugiat et, eros.\n\nVestibulum ac est lacinia nisi venenatis tristique. Fusce congue, diam id ornare imperdiet, sapien urna pretium nisl, ut volutpat sapien arcu sed augue. Aliquam erat volutpat.\n\nIn congue. Etiam justo. Etiam pretium iaculis justo.",
  "from-name": "Orion Piddlehinton",
  "from-email": "opiddlehinton1d@artisteer.com"
}, {
  "id": "aff85b4a-64fd-4229-99bf-3718942c2a07",
  "to-name": "CSE186 Student",
  "to-email": "cse186-student@ucsc.edu",
  "subject": "Charlie Chan in London",
  "received": "2020-11-08T01:59:44Z",
  "content": "Cras mi pede, malesuada in, imperdiet et, commodo vulputate, justo. In blandit ultrices enim. Lorem ipsum dolor sit amet, consectetuer adipiscing elit.\n\nProin interdum mauris non ligula pellentesque ultrices. Phasellus id sapien in sapien iaculis congue. Vivamus metus arcu, adipiscing molestie, hendrerit at, vulputate vitae, nisl.\n\nAenean lectus. Pellentesque eget nunc. Donec quis orci eget orci vehicula condimentum.",
  "from-name": "Tedda Creek",
  "from-email": "tcreek1e@yahoo.com"
}, {
  "id": "0ea9de1e-00f3-45c9-bde5-2ee3d766c739",
  "to-name": "CSE186 Student",
  "to-email": "cse186-student@ucsc.edu",
  "subject": "Little Big Man",
  "received": "2019-04-13T09:33:15Z",
  "content": "Curabitur in libero ut massa volutpat convallis. Morbi odio odio, elementum eu, interdum eu, tincidunt in, leo. Maecenas pulvinar lobortis est.\n\nPhasellus sit amet erat. Nulla tempus. Vivamus in felis eu sapien cursus vestibulum.\n\nProin eu mi. Nulla ac enim. In tempor, turpis nec euismod scelerisque, quam turpis adipiscing lorem, vitae mattis nibh ligula nec sem.",
  "from-name": "Stanford Suthworth",
  "from-email": "ssuthworth1f@google.ru"
}, {
  "id": "140452e5-e2a8-4819-9b80-ad980704b827",
  "to-name": "CSE186 Student",
  "to-email": "cse186-student@ucsc.edu",
  "subject": "River Murders, The",
  "received": "2020-10-03T09:15:08Z",
  "content": "Praesent id massa id nisl venenatis lacinia. Aenean sit amet justo. Morbi ut odio.\n\nCras mi pede, malesuada in, imperdiet et, commodo vulputate, justo. In blandit ultrices enim. Lorem ipsum dolor sit amet, consectetuer adipiscing elit.\n\nProin interdum mauris non ligula pellentesque ultrices. Phasellus id sapien in sapien iaculis congue. Vivamus metus arcu, adipiscing molestie, hendrerit at, vulputate vitae, nisl.\n\nAenean lectus. Pellentesque eget nunc. Donec quis orci eget orci vehicula condimentum.",
  "from-name": "Philly Forde",
  "from-email": "pforde1g@amazon.co.jp"
}, {
  "id": "0338d379-60b4-4fcf-b0bd-31abb85825b0",
  "to-name": "CSE186 Student",
  "to-email": "cse186-student@ucsc.edu",
  "subject": "In This World",
  "received": "2020-08-27T13:47:55Z",
  "content": "Phasellus sit amet erat. Nulla tempus. Vivamus in felis eu sapien cursus vestibulum.\n\nProin eu mi. Nulla ac enim. In tempor, turpis nec euismod scelerisque, quam turpis adipiscing lorem, vitae mattis nibh ligula nec sem.\n\nDuis aliquam convallis nunc. Proin at turpis a pede posuere nonummy. Integer non velit.\n\nDonec diam neque, vestibulum eget, vulputate ut, ultrices vel, augue. Vestibulum ante ipsum primis in faucibus orci luctus et ultrices posuere cubilia Curae; Donec pharetra, magna vestibulum aliquet ultrices, erat tortor sollicitudin mi, sit amet lobortis sapien sapien non mi. Integer ac neque.",
  "from-name": "Taddeusz Hebbs",
  "from-email": "thebbs1h@about.com"
}, {
  "id": "a48009d1-6c8b-41f7-af84-a0a412da30f9",
  "to-name": "CSE186 Student",
  "to-email": "cse186-student@ucsc.edu",
  "subject": "Eva",
  "received": "2019-06-25T17:04:31Z",
  "content": "Cras non velit nec nisi vulputate nonummy. Maecenas tincidunt lacus at velit. Vivamus vel nulla eget eros elementum pellentesque.\n\nQuisque porta volutpat erat. Quisque erat eros, viverra eget, congue eget, semper rutrum, nulla. Nunc purus.",
  "from-name": "Chan Cuel",
  "from-email": "ccuel1i@github.io"
}, {
  "id": "20413f83-23a0-4480-bdf6-79f41a126f4b",
  "to-name": "CSE186 Student",
  "to-email": "cse186-student@ucsc.edu",
  "subject": "Terumae romae (Thermae Romae)",
  "received": "2019-03-15T10:49:18Z",
  "content": "Praesent blandit. Nam nulla. Integer pede justo, lacinia eget, tincidunt eget, tempus vel, pede.\n\nMorbi porttitor lorem id ligula. Suspendisse ornare consequat lectus. In est risus, auctor sed, tristique in, tempus sit amet, sem.\n\nFusce consequat. Nulla nisl. Nunc nisl.\n\nDuis bibendum, felis sed interdum venenatis, turpis enim blandit mi, in porttitor pede justo eu massa. Donec dapibus. Duis at velit eu est congue elementum.\n\nIn hac habitasse platea dictumst. Morbi vestibulum, velit id pretium iaculis, diam erat fermentum justo, nec condimentum neque sapien placerat ante. Nulla justo.",
  "from-name": "Kary Coffey",
  "from-email": "kcoffey1j@imgur.com"
}, {
  "id": "12a68804-b027-40b4-ae78-d2832e32cdea",
  "to-name": "CSE186 Student",
  "to-email": "cse186-student@ucsc.edu",
  "subject": "Friends at the Margherita Cafe, The (Gli amici del bar Margherita)",
  "received": "2019-05-07T01:56:36Z",
  "content": "In congue. Etiam justo. Etiam pretium iaculis justo.\n\nIn hac habitasse platea dictumst. Etiam faucibus cursus urna. Ut tellus.",
  "from-name": "Meta Joicey",
  "from-email": "mjoicey1k@biglobe.ne.jp"
}, {
  "id": "c73d55c7-9d8c-40f0-b44d-46ca3116bd05",
  "to-name": "CSE186 Student",
  "to-email": "cse186-student@ucsc.edu",
  "subject": "Ramen Girl, The",
  "received": "2019-12-05T11:50:11Z",
  "content": "In quis justo. Maecenas rhoncus aliquam lacus. Morbi quis tortor id nulla ultrices aliquet.\n\nMaecenas leo odio, condimentum id, luctus nec, molestie sed, justo. Pellentesque viverra pede ac diam. Cras pellentesque volutpat dui.\n\nMaecenas tristique, est et tempus semper, est quam pharetra magna, ac consequat metus sapien ut nunc. Vestibulum ante ipsum primis in faucibus orci luctus et ultrices posuere cubilia Curae; Mauris viverra diam vitae quam. Suspendisse potenti.\n\nNullam porttitor lacus at turpis. Donec posuere metus vitae ipsum. Aliquam non mauris.",
  "from-name": "Artemis D'Aulby",
  "from-email": "adaulby1l@mysql.com"
}, {
  "id": "2272a32e-974e-44b4-8ef0-9e9c4cd9e030",
  "to-name": "CSE186 Student",
  "to-email": "cse186-student@ucsc.edu",
  "subject": "Great Muppet Caper, The",
  "received": "2019-12-01T11:47:54Z",
  "content": "Nullam sit amet turpis elementum ligula vehicula consequat. Morbi a ipsum. Integer a nibh.\n\nIn quis justo. Maecenas rhoncus aliquam lacus. Morbi quis tortor id nulla ultrices aliquet.\n\nMaecenas leo odio, condimentum id, luctus nec, molestie sed, justo. Pellentesque viverra pede ac diam. Cras pellentesque volutpat dui.\n\nMaecenas tristique, est et tempus semper, est quam pharetra magna, ac consequat metus sapien ut nunc. Vestibulum ante ipsum primis in faucibus orci luctus et ultrices posuere cubilia Curae; Mauris viverra diam vitae quam. Suspendisse potenti.",
  "from-name": "Sallyann Crinson",
  "from-email": "scrinson1m@walmart.com"
}, {
  "id": "cf3a3f2f-d19c-437d-bef5-c6ee8d1d357e",
  "to-name": "CSE186 Student",
  "to-email": "cse186-student@ucsc.edu",
  "subject": "Beavis and Butt-Head Do America",
  "received": "2019-10-14T08:07:26Z",
  "content": "Quisque porta volutpat erat. Quisque erat eros, viverra eget, congue eget, semper rutrum, nulla. Nunc purus.\n\nPhasellus in felis. Donec semper sapien a libero. Nam dui.\n\nProin leo odio, porttitor id, consequat in, consequat ut, nulla. Sed accumsan felis. Ut at dolor quis odio consequat varius.",
  "from-name": "Dario Drawmer",
  "from-email": "ddrawmer1n@google.com.br"
}, {
  "id": "8a9fd870-7895-4c1e-b901-24cdc1542185",
  "to-name": "CSE186 Student",
  "to-email": "cse186-student@ucsc.edu",
  "subject": "G. I. Blues",
  "received": "2020-02-29T14:48:04Z",
  "content": "Proin interdum mauris non ligula pellentesque ultrices. Phasellus id sapien in sapien iaculis congue. Vivamus metus arcu, adipiscing molestie, hendrerit at, vulputate vitae, nisl.\n\nAenean lectus. Pellentesque eget nunc. Donec quis orci eget orci vehicula condimentum.",
  "from-name": "Irina Lukehurst",
  "from-email": "ilukehurst1o@amazon.co.uk"
}, {
  "id": "831c71fc-43f2-4b3c-a595-d17d8bd772ad",
  "to-name": "CSE186 Student",
  "to-email": "cse186-student@ucsc.edu",
  "subject": "Love (Szerelem)",
  "received": "2020-07-21T18:02:14Z",
  "content": "Fusce posuere felis sed lacus. Morbi sem mauris, laoreet ut, rhoncus aliquet, pulvinar sed, nisl. Nunc rhoncus dui vel sem.\n\nSed sagittis. Nam congue, risus semper porta volutpat, quam pede lobortis ligula, sit amet eleifend pede libero quis orci. Nullam molestie nibh in lectus.\n\nPellentesque at nulla. Suspendisse potenti. Cras in purus eu magna vulputate luctus.\n\nCum sociis natoque penatibus et magnis dis parturient montes, nascetur ridiculus mus. Vivamus vestibulum sagittis sapien. Cum sociis natoque penatibus et magnis dis parturient montes, nascetur ridiculus mus.",
  "from-name": "Drake Pasquale",
  "from-email": "dpasquale1p@apple.com"
}, {
  "id": "50847763-5dce-4fb9-a469-ddae8ee09fe9",
  "to-name": "CSE186 Student",
  "to-email": "cse186-student@ucsc.edu",
  "subject": "Suspended Animation",
  "received": "2019-11-25T11:45:52Z",
  "content": "Duis bibendum, felis sed interdum venenatis, turpis enim blandit mi, in porttitor pede justo eu massa. Donec dapibus. Duis at velit eu est congue elementum.\n\nIn hac habitasse platea dictumst. Morbi vestibulum, velit id pretium iaculis, diam erat fermentum justo, nec condimentum neque sapien placerat ante. Nulla justo.\n\nAliquam quis turpis eget elit sodales scelerisque. Mauris sit amet eros. Suspendisse accumsan tortor quis turpis.\n\nSed ante. Vivamus tortor. Duis mattis egestas metus.",
  "from-name": "Alexandros Wasylkiewicz",
  "from-email": "awasylkiewicz1q@mtv.com"
}, {
  "id": "d987a171-2c2f-437c-b8b9-3da610b19d74",
  "to-name": "CSE186 Student",
  "to-email": "cse186-student@ucsc.edu",
  "subject": "Norm MacDonald: Me Doing Standup",
  "received": "2019-06-08T15:19:38Z",
  "content": "Praesent blandit. Nam nulla. Integer pede justo, lacinia eget, tincidunt eget, tempus vel, pede.\n\nMorbi porttitor lorem id ligula. Suspendisse ornare consequat lectus. In est risus, auctor sed, tristique in, tempus sit amet, sem.",
  "from-name": "Junina Lillistone",
  "from-email": "jlillistone1r@clickbank.net"
}, {
  "id": "2e07fdd8-5e57-4108-9293-c3351d5017de",
  "to-name": "CSE186 Student",
  "to-email": "cse186-student@ucsc.edu",
  "subject": "Natural Selection",
  "received": "2020-09-20T22:02:59Z",
  "content": "Praesent blandit. Nam nulla. Integer pede justo, lacinia eget, tincidunt eget, tempus vel, pede.\n\nMorbi porttitor lorem id ligula. Suspendisse ornare consequat lectus. In est risus, auctor sed, tristique in, tempus sit amet, sem.\n\nFusce consequat. Nulla nisl. Nunc nisl.\n\nDuis bibendum, felis sed interdum venenatis, turpis enim blandit mi, in porttitor pede justo eu massa. Donec dapibus. Duis at velit eu est congue elementum.",
  "from-name": "Cathrine Jaycocks",
  "from-email": "cjaycocks1s@tinyurl.com"
}, {
  "id": "86d7963f-1cd5-4a69-879d-bff16e925613",
  "to-name": "CSE186 Student",
  "to-email": "cse186-student@ucsc.edu",
  "subject": "Full Moon High",
  "received": "2020-06-10T21:19:52Z",
  "content": "Maecenas ut massa quis augue luctus tincidunt. Nulla mollis molestie lorem. Quisque ut erat.\n\nCurabitur gravida nisi at nibh. In hac habitasse platea dictumst. Aliquam augue quam, sollicitudin vitae, consectetuer eget, rutrum at, lorem.\n\nInteger tincidunt ante vel ipsum. Praesent blandit lacinia erat. Vestibulum sed magna at nunc commodo placerat.\n\nPraesent blandit. Nam nulla. Integer pede justo, lacinia eget, tincidunt eget, tempus vel, pede.",
  "from-name": "Diana Worthing",
  "from-email": "dworthing1t@ning.com"
}, {
  "id": "ee47c35d-cafe-49a6-b340-5c22d1897bb4",
  "to-name": "CSE186 Student",
  "to-email": "cse186-student@ucsc.edu",
  "subject": "Trucker",
  "received": "2019-02-22T11:37:40Z",
  "content": "Vestibulum ac est lacinia nisi venenatis tristique. Fusce congue, diam id ornare imperdiet, sapien urna pretium nisl, ut volutpat sapien arcu sed augue. Aliquam erat volutpat.\n\nIn congue. Etiam justo. Etiam pretium iaculis justo.\n\nIn hac habitasse platea dictumst. Etiam faucibus cursus urna. Ut tellus.\n\nNulla ut erat id mauris vulputate elementum. Nullam varius. Nulla facilisi.\n\nCras non velit nec nisi vulputate nonummy. Maecenas tincidunt lacus at velit. Vivamus vel nulla eget eros elementum pellentesque.",
  "from-name": "Celie Farman",
  "from-email": "cfarman1u@paypal.com"
}, {
  "id": "a0edb5ed-0ada-4bfa-88ad-8a779f4345e7",
  "to-name": "CSE186 Student",
  "to-email": "cse186-student@ucsc.edu",
  "subject": "The Big One: The Great Los Angeles Earthquake",
  "received": "2020-03-22T14:51:32Z",
  "content": "Proin eu mi. Nulla ac enim. In tempor, turpis nec euismod scelerisque, quam turpis adipiscing lorem, vitae mattis nibh ligula nec sem.\n\nDuis aliquam convallis nunc. Proin at turpis a pede posuere nonummy. Integer non velit.\n\nDonec diam neque, vestibulum eget, vulputate ut, ultrices vel, augue. Vestibulum ante ipsum primis in faucibus orci luctus et ultrices posuere cubilia Curae; Donec pharetra, magna vestibulum aliquet ultrices, erat tortor sollicitudin mi, sit amet lobortis sapien sapien non mi. Integer ac neque.\n\nDuis bibendum. Morbi non quam nec dui luctus rutrum. Nulla tellus.",
  "from-name": "Pierette Parkman",
  "from-email": "pparkman1v@ask.com"
}, {
  "id": "610d21e4-120d-4d05-a037-f1faca9b3e9a",
  "to-name": "CSE186 Student",
  "to-email": "cse186-student@ucsc.edu",
  "subject": "People Like Us",
  "received": "2019-09-18T09:01:46Z",
  "content": "Duis consequat dui nec nisi volutpat eleifend. Donec ut dolor. Morbi vel lectus in quam fringilla rhoncus.\n\nMauris enim leo, rhoncus sed, vestibulum sit amet, cursus id, turpis. Integer aliquet, massa id lobortis convallis, tortor risus dapibus augue, vel accumsan tellus nisi eu orci. Mauris lacinia sapien quis libero.",
  "from-name": "Imogene Jotham",
  "from-email": "ijotham1w@pbs.org"
}, {
  "id": "5d07297c-cbd4-4f16-890a-7d6acbc3092a",
  "to-name": "CSE186 Student",
  "to-email": "cse186-student@ucsc.edu",
  "subject": "Uncommon Valor",
  "received": "2020-08-21T03:35:37Z",
  "content": "Lorem ipsum dolor sit amet, consectetuer adipiscing elit. Proin risus. Praesent lectus.\n\nVestibulum quam sapien, varius ut, blandit non, interdum in, ante. Vestibulum ante ipsum primis in faucibus orci luctus et ultrices posuere cubilia Curae; Duis faucibus accumsan odio. Curabitur convallis.",
  "from-name": "Anne Rulton",
  "from-email": "arulton1x@trellian.com"
}, {
  "id": "209af2f6-6e2d-47f2-8e38-caf368c7edcd",
  "to-name": "CSE186 Student",
  "to-email": "cse186-student@ucsc.edu",
  "subject": "Lethal Weapon",
  "received": "2020-03-14T08:03:30Z",
  "content": "Etiam vel augue. Vestibulum rutrum rutrum neque. Aenean auctor gravida sem.\n\nPraesent id massa id nisl venenatis lacinia. Aenean sit amet justo. Morbi ut odio.\n\nCras mi pede, malesuada in, imperdiet et, commodo vulputate, justo. In blandit ultrices enim. Lorem ipsum dolor sit amet, consectetuer adipiscing elit.\n\nProin interdum mauris non ligula pellentesque ultrices. Phasellus id sapien in sapien iaculis congue. Vivamus metus arcu, adipiscing molestie, hendrerit at, vulputate vitae, nisl.\n\nAenean lectus. Pellentesque eget nunc. Donec quis orci eget orci vehicula condimentum.",
  "from-name": "Isidor Hatry",
  "from-email": "ihatry1y@purevolume.com"
}, {
  "id": "514d23c6-1953-440f-a9b4-dc914462a347",
  "to-name": "CSE186 Student",
  "to-email": "cse186-student@ucsc.edu",
  "subject": "Green Pastures, The",
  "received": "2020-04-20T15:35:32Z",
  "content": "In hac habitasse platea dictumst. Etiam faucibus cursus urna. Ut tellus.\n\nNulla ut erat id mauris vulputate elementum. Nullam varius. Nulla facilisi.\n\nCras non velit nec nisi vulputate nonummy. Maecenas tincidunt lacus at velit. Vivamus vel nulla eget eros elementum pellentesque.",
  "from-name": "Wallis Wadwell",
  "from-email": "wwadwell1z@creativecommons.org"
}, {
  "id": "42d5e710-f532-45c4-936d-caebb4639658",
  "to-name": "CSE186 Student",
  "to-email": "cse186-student@ucsc.edu",
  "subject": "I Am Number Four",
  "received": "2019-09-12T20:11:04Z",
  "content": "In congue. Etiam justo. Etiam pretium iaculis justo.\n\nIn hac habitasse platea dictumst. Etiam faucibus cursus urna. Ut tellus.\n\nNulla ut erat id mauris vulputate elementum. Nullam varius. Nulla facilisi.\n\nCras non velit nec nisi vulputate nonummy. Maecenas tincidunt lacus at velit. Vivamus vel nulla eget eros elementum pellentesque.\n\nQuisque porta volutpat erat. Quisque erat eros, viverra eget, congue eget, semper rutrum, nulla. Nunc purus.",
  "from-name": "Janine Scholes",
  "from-email": "jscholes20@angelfire.com"
}, {
  "id": "3eabfe38-f96a-4528-bdc9-55c65f1c987e",
  "to-name": "CSE186 Student",
  "to-email": "cse186-student@ucsc.edu",
  "subject": "Chappie",
  "received": "2020-10-20T02:17:06Z",
  "content": "In sagittis dui vel nisl. Duis ac nibh. Fusce lacus purus, aliquet at, feugiat non, pretium quis, lectus.\n\nSuspendisse potenti. In eleifend quam a odio. In hac habitasse platea dictumst.",
  "from-name": "Gustavo Santarelli",
  "from-email": "gsantarelli21@reverbnation.com"
}, {
  "id": "ea473c91-fe1b-492a-8f85-768ed63c9ced",
  "to-name": "CSE186 Student",
  "to-email": "cse186-student@ucsc.edu",
  "subject": "My Rainy Days",
  "received": "2019-07-22T20:39:48Z",
  "content": "Duis bibendum. Morbi non quam nec dui luctus rutrum. Nulla tellus.\n\nIn sagittis dui vel nisl. Duis ac nibh. Fusce lacus purus, aliquet at, feugiat non, pretium quis, lectus.\n\nSuspendisse potenti. In eleifend quam a odio. In hac habitasse platea dictumst.\n\nMaecenas ut massa quis augue luctus tincidunt. Nulla mollis molestie lorem. Quisque ut erat.\n\nCurabitur gravida nisi at nibh. In hac habitasse platea dictumst. Aliquam augue quam, sollicitudin vitae, consectetuer eget, rutrum at, lorem.",
  "from-name": "Corenda Baff",
  "from-email": "cbaff22@eepurl.com"
}, {
  "id": "b8ff9be8-c304-4ad4-bceb-5abe74a5af58",
  "to-name": "CSE186 Student",
  "to-email": "cse186-student@ucsc.edu",
  "subject": "Excuse My Dust",
  "received": "2019-06-07T00:11:28Z",
  "content": "Donec diam neque, vestibulum eget, vulputate ut, ultrices vel, augue. Vestibulum ante ipsum primis in faucibus orci luctus et ultrices posuere cubilia Curae; Donec pharetra, magna vestibulum aliquet ultrices, erat tortor sollicitudin mi, sit amet lobortis sapien sapien non mi. Integer ac neque.\n\nDuis bibendum. Morbi non quam nec dui luctus rutrum. Nulla tellus.",
  "from-name": "Verna Worsalls",
  "from-email": "vworsalls23@nasa.gov"
}, {
  "id": "3f5a566c-523f-4da2-adc2-a331dbc565c5",
  "to-name": "CSE186 Student",
  "to-email": "cse186-student@ucsc.edu",
  "subject": "Tangled",
  "received": "2019-10-25T03:00:53Z",
  "content": "Nullam sit amet turpis elementum ligula vehicula consequat. Morbi a ipsum. Integer a nibh.\n\nIn quis justo. Maecenas rhoncus aliquam lacus. Morbi quis tortor id nulla ultrices aliquet.\n\nMaecenas leo odio, condimentum id, luctus nec, molestie sed, justo. Pellentesque viverra pede ac diam. Cras pellentesque volutpat dui.\n\nMaecenas tristique, est et tempus semper, est quam pharetra magna, ac consequat metus sapien ut nunc. Vestibulum ante ipsum primis in faucibus orci luctus et ultrices posuere cubilia Curae; Mauris viverra diam vitae quam. Suspendisse potenti.\n\nNullam porttitor lacus at turpis. Donec posuere metus vitae ipsum. Aliquam non mauris.",
  "from-name": "Ethelda Drogan",
  "from-email": "edrogan24@exblog.jp"
}, {
  "id": "1551198c-70d9-4e7c-9f2c-46421174996a",
  "to-name": "CSE186 Student",
  "to-email": "cse186-student@ucsc.edu",
  "subject": "Secret Life of Zoey, The",
  "received": "2020-10-06T02:27:08Z",
  "content": "Cum sociis natoque penatibus et magnis dis parturient montes, nascetur ridiculus mus. Vivamus vestibulum sagittis sapien. Cum sociis natoque penatibus et magnis dis parturient montes, nascetur ridiculus mus.\n\nEtiam vel augue. Vestibulum rutrum rutrum neque. Aenean auctor gravida sem.\n\nPraesent id massa id nisl venenatis lacinia. Aenean sit amet justo. Morbi ut odio.\n\nCras mi pede, malesuada in, imperdiet et, commodo vulputate, justo. In blandit ultrices enim. Lorem ipsum dolor sit amet, consectetuer adipiscing elit.",
  "from-name": "Christa Claxton",
  "from-email": "cclaxton25@yellowbook.com"
}, {
  "id": "6ad26494-df3c-4627-ab2d-7dde0198393e",
  "to-name": "CSE186 Student",
  "to-email": "cse186-student@ucsc.edu",
  "subject": "Like Father, Like Son",
  "received": "2020-05-24T22:27:48Z",
  "content": "Etiam vel augue. Vestibulum rutrum rutrum neque. Aenean auctor gravida sem.\n\nPraesent id massa id nisl venenatis lacinia. Aenean sit amet justo. Morbi ut odio.\n\nCras mi pede, malesuada in, imperdiet et, commodo vulputate, justo. In blandit ultrices enim. Lorem ipsum dolor sit amet, consectetuer adipiscing elit.\n\nProin interdum mauris non ligula pellentesque ultrices. Phasellus id sapien in sapien iaculis congue. Vivamus metus arcu, adipiscing molestie, hendrerit at, vulputate vitae, nisl.",
  "from-name": "Zaneta Bellard",
  "from-email": "zbellard26@pen.io"
}, {
  "id": "fd65f30a-888c-41b8-b934-fe6f92468d15",
  "to-name": "CSE186 Student",
  "to-email": "cse186-student@ucsc.edu",
  "subject": "Fiend Without a Face",
  "received": "2020-06-28T13:20:56Z",
  "content": "Lorem ipsum dolor sit amet, consectetuer adipiscing elit. Proin risus. Praesent lectus.\n\nVestibulum quam sapien, varius ut, blandit non, interdum in, ante. Vestibulum ante ipsum primis in faucibus orci luctus et ultrices posuere cubilia Curae; Duis faucibus accumsan odio. Curabitur convallis.",
  "from-name": "Laryssa Jennins",
  "from-email": "ljennins27@sbwire.com"
}, {
  "id": "825167b8-ea09-423c-a96f-c43a2918fefa",
  "to-name": "CSE186 Student",
  "to-email": "cse186-student@ucsc.edu",
  "subject": "Resurrection, A",
  "received": "2020-03-30T09:55:46Z",
  "content": "Maecenas ut massa quis augue luctus tincidunt. Nulla mollis molestie lorem. Quisque ut erat.\n\nCurabitur gravida nisi at nibh. In hac habitasse platea dictumst. Aliquam augue quam, sollicitudin vitae, consectetuer eget, rutrum at, lorem.\n\nInteger tincidunt ante vel ipsum. Praesent blandit lacinia erat. Vestibulum sed magna at nunc commodo placerat.",
  "from-name": "Dolli Kauffman",
  "from-email": "dkauffman28@1und1.de"
}, {
  "id": "59d9ebef-ad94-42c7-a920-eb25315325f1",
  "to-name": "CSE186 Student",
  "to-email": "cse186-student@ucsc.edu",
  "subject": "Faces of Death 5",
  "received": "2019-05-21T00:59:09Z",
  "content": "Proin leo odio, porttitor id, consequat in, consequat ut, nulla. Sed accumsan felis. Ut at dolor quis odio consequat varius.\n\nInteger ac leo. Pellentesque ultrices mattis odio. Donec vitae nisi.\n\nNam ultrices, libero non mattis pulvinar, nulla pede ullamcorper augue, a suscipit nulla elit ac nulla. Sed vel enim sit amet nunc viverra dapibus. Nulla suscipit ligula in lacus.\n\nCurabitur at ipsum ac tellus semper interdum. Mauris ullamcorper purus sit amet nulla. Quisque arcu libero, rutrum ac, lobortis vel, dapibus at, diam.",
  "from-name": "Marten Marquis",
  "from-email": "mmarquis29@webeden.co.uk"
}, {
  "id": "ec04ee53-35a6-4db0-af87-f2b03fb59014",
  "to-name": "CSE186 Student",
  "to-email": "cse186-student@ucsc.edu",
  "subject": "On My Way (Elle s'en va)",
  "received": "2020-07-31T17:19:31Z",
  "content": "In quis justo. Maecenas rhoncus aliquam lacus. Morbi quis tortor id nulla ultrices aliquet.\n\nMaecenas leo odio, condimentum id, luctus nec, molestie sed, justo. Pellentesque viverra pede ac diam. Cras pellentesque volutpat dui.\n\nMaecenas tristique, est et tempus semper, est quam pharetra magna, ac consequat metus sapien ut nunc. Vestibulum ante ipsum primis in faucibus orci luctus et ultrices posuere cubilia Curae; Mauris viverra diam vitae quam. Suspendisse potenti.\n\nNullam porttitor lacus at turpis. Donec posuere metus vitae ipsum. Aliquam non mauris.",
  "from-name": "Dorthy Martinez",
  "from-email": "dmartinez2a@blog.com"
}, {
  "id": "88b7aefe-0b44-4a05-ac5c-1cee9c3c5d24",
  "to-name": "CSE186 Student",
  "to-email": "cse186-student@ucsc.edu",
  "subject": "Razorback",
  "received": "2019-05-20T21:30:56Z",
  "content": "Vestibulum quam sapien, varius ut, blandit non, interdum in, ante. Vestibulum ante ipsum primis in faucibus orci luctus et ultrices posuere cubilia Curae; Duis faucibus accumsan odio. Curabitur convallis.\n\nDuis consequat dui nec nisi volutpat eleifend. Donec ut dolor. Morbi vel lectus in quam fringilla rhoncus.\n\nMauris enim leo, rhoncus sed, vestibulum sit amet, cursus id, turpis. Integer aliquet, massa id lobortis convallis, tortor risus dapibus augue, vel accumsan tellus nisi eu orci. Mauris lacinia sapien quis libero.",
  "from-name": "Ross Haydn",
  "from-email": "rhaydn2b@flickr.com"
}, {
  "id": "3fd883fa-e591-44d2-9fc5-3401d6042c94",
  "to-name": "CSE186 Student",
  "to-email": "cse186-student@ucsc.edu",
  "subject": "Love is God",
  "received": "2020-03-26T23:26:52Z",
  "content": "Cras non velit nec nisi vulputate nonummy. Maecenas tincidunt lacus at velit. Vivamus vel nulla eget eros elementum pellentesque.\n\nQuisque porta volutpat erat. Quisque erat eros, viverra eget, congue eget, semper rutrum, nulla. Nunc purus.",
  "from-name": "Elston Tabert",
  "from-email": "etabert2c@stumbleupon.com"
}, {
  "id": "46a8e494-73ab-4737-bc90-e4955af48a1d",
  "to-name": "CSE186 Student",
  "to-email": "cse186-student@ucsc.edu",
  "subject": "Mélo",
  "received": "2019-11-17T10:31:05Z",
  "content": "Fusce posuere felis sed lacus. Morbi sem mauris, laoreet ut, rhoncus aliquet, pulvinar sed, nisl. Nunc rhoncus dui vel sem.\n\nSed sagittis. Nam congue, risus semper porta volutpat, quam pede lobortis ligula, sit amet eleifend pede libero quis orci. Nullam molestie nibh in lectus.\n\nPellentesque at nulla. Suspendisse potenti. Cras in purus eu magna vulputate luctus.\n\nCum sociis natoque penatibus et magnis dis parturient montes, nascetur ridiculus mus. Vivamus vestibulum sagittis sapien. Cum sociis natoque penatibus et magnis dis parturient montes, nascetur ridiculus mus.\n\nEtiam vel augue. Vestibulum rutrum rutrum neque. Aenean auctor gravida sem.",
  "from-name": "Tremayne Chesman",
  "from-email": "tchesman2d@nifty.com"
}, {
  "id": "0f7dd6cb-f1f0-43ce-ac95-ad9a3068245b",
  "to-name": "CSE186 Student",
  "to-email": "cse186-student@ucsc.edu",
  "subject": "Too Early, Too Late (Trop tôt, trop tard)",
  "received": "2019-09-18T01:38:17Z",
  "content": "Quisque id justo sit amet sapien dignissim vestibulum. Vestibulum ante ipsum primis in faucibus orci luctus et ultrices posuere cubilia Curae; Nulla dapibus dolor vel est. Donec odio justo, sollicitudin ut, suscipit a, feugiat et, eros.\n\nVestibulum ac est lacinia nisi venenatis tristique. Fusce congue, diam id ornare imperdiet, sapien urna pretium nisl, ut volutpat sapien arcu sed augue. Aliquam erat volutpat.\n\nIn congue. Etiam justo. Etiam pretium iaculis justo.",
  "from-name": "Gustavus Zorzenoni",
  "from-email": "gzorzenoni2e@patch.com"
}, {
  "id": "94492e01-8358-486c-8515-ca923e18aaa7",
  "to-name": "CSE186 Student",
  "to-email": "cse186-student@ucsc.edu",
  "subject": "Baraka",
  "received": "2019-07-07T16:01:09Z",
  "content": "Maecenas ut massa quis augue luctus tincidunt. Nulla mollis molestie lorem. Quisque ut erat.\n\nCurabitur gravida nisi at nibh. In hac habitasse platea dictumst. Aliquam augue quam, sollicitudin vitae, consectetuer eget, rutrum at, lorem.",
  "from-name": "Charline Ackerley",
  "from-email": "cackerley2f@ucoz.com"
}, {
  "id": "9218f607-e411-4326-9d77-7113048cbb4d",
  "to-name": "CSE186 Student",
  "to-email": "cse186-student@ucsc.edu",
  "subject": "Square, The",
  "received": "2019-06-20T14:23:08Z",
  "content": "In hac habitasse platea dictumst. Morbi vestibulum, velit id pretium iaculis, diam erat fermentum justo, nec condimentum neque sapien placerat ante. Nulla justo.\n\nAliquam quis turpis eget elit sodales scelerisque. Mauris sit amet eros. Suspendisse accumsan tortor quis turpis.\n\nSed ante. Vivamus tortor. Duis mattis egestas metus.\n\nAenean fermentum. Donec ut mauris eget massa tempor convallis. Nulla neque libero, convallis eget, eleifend luctus, ultricies eu, nibh.",
  "from-name": "Lavena Gammell",
  "from-email": "lgammell2g@4shared.com"
}, {
  "id": "9022a764-8ab0-40a4-9e4b-befdaf6ea0f6",
  "to-name": "CSE186 Student",
  "to-email": "cse186-student@ucsc.edu",
  "subject": "Three Men and a Baby",
  "received": "2019-09-07T14:06:07Z",
  "content": "Duis bibendum, felis sed interdum venenatis, turpis enim blandit mi, in porttitor pede justo eu massa. Donec dapibus. Duis at velit eu est congue elementum.\n\nIn hac habitasse platea dictumst. Morbi vestibulum, velit id pretium iaculis, diam erat fermentum justo, nec condimentum neque sapien placerat ante. Nulla justo.",
  "from-name": "Aloysia Gladden",
  "from-email": "agladden2h@wordpress.com"
}, {
  "id": "293e5a9b-64de-4623-bd1c-900b77ffddde",
  "to-name": "CSE186 Student",
  "to-email": "cse186-student@ucsc.edu",
  "subject": "It's Complicated",
  "received": "2019-05-25T13:59:16Z",
  "content": "Duis consequat dui nec nisi volutpat eleifend. Donec ut dolor. Morbi vel lectus in quam fringilla rhoncus.\n\nMauris enim leo, rhoncus sed, vestibulum sit amet, cursus id, turpis. Integer aliquet, massa id lobortis convallis, tortor risus dapibus augue, vel accumsan tellus nisi eu orci. Mauris lacinia sapien quis libero.\n\nNullam sit amet turpis elementum ligula vehicula consequat. Morbi a ipsum. Integer a nibh.",
  "from-name": "Tallia Dunklee",
  "from-email": "tdunklee2i@fc2.com"
}, {
  "id": "fc047656-1f1a-42c9-8a63-a266065c55cb",
  "to-name": "CSE186 Student",
  "to-email": "cse186-student@ucsc.edu",
  "subject": "Valentine Road",
  "received": "2020-11-02T02:05:22Z",
  "content": "Sed sagittis. Nam congue, risus semper porta volutpat, quam pede lobortis ligula, sit amet eleifend pede libero quis orci. Nullam molestie nibh in lectus.\n\nPellentesque at nulla. Suspendisse potenti. Cras in purus eu magna vulputate luctus.",
  "from-name": "Tabbie Kedslie",
  "from-email": "tkedslie2j@shutterfly.com"
}, {
  "id": "9f402a43-463d-48ab-b4ff-0520c8175e35",
  "to-name": "CSE186 Student",
  "to-email": "cse186-student@ucsc.edu",
  "subject": "Four Days of Naples, The (Le quattro giornate di Napoli)",
  "received": "2020-01-13T19:53:10Z",
  "content": "Phasellus in felis. Donec semper sapien a libero. Nam dui.\n\nProin leo odio, porttitor id, consequat in, consequat ut, nulla. Sed accumsan felis. Ut at dolor quis odio consequat varius.",
  "from-name": "Quentin Siehard",
  "from-email": "qsiehard2k@feedburner.com"
}, {
  "id": "7df97efe-0caa-424c-a61f-6b639fc00ef4",
  "to-name": "CSE186 Student",
  "to-email": "cse186-student@ucsc.edu",
  "subject": "Dana Carvey: Squatting Monkeys Tell No Lies",
  "received": "2019-08-31T18:55:28Z",
  "content": "In quis justo. Maecenas rhoncus aliquam lacus. Morbi quis tortor id nulla ultrices aliquet.\n\nMaecenas leo odio, condimentum id, luctus nec, molestie sed, justo. Pellentesque viverra pede ac diam. Cras pellentesque volutpat dui.\n\nMaecenas tristique, est et tempus semper, est quam pharetra magna, ac consequat metus sapien ut nunc. Vestibulum ante ipsum primis in faucibus orci luctus et ultrices posuere cubilia Curae; Mauris viverra diam vitae quam. Suspendisse potenti.",
  "from-name": "Emlynne Minette",
  "from-email": "eminette2l@yahoo.com"
}, {
  "id": "d51ea0c0-3ab5-4afc-8d46-ff74bf4e560e",
  "to-name": "CSE186 Student",
  "to-email": "cse186-student@ucsc.edu",
  "subject": "Oblivion Island: Haruka and the Magic Mirror (Hottarake no shima - Haruka to maho no kagami)",
  "received": "2020-01-12T06:24:18Z",
  "content": "Fusce consequat. Nulla nisl. Nunc nisl.\n\nDuis bibendum, felis sed interdum venenatis, turpis enim blandit mi, in porttitor pede justo eu massa. Donec dapibus. Duis at velit eu est congue elementum.\n\nIn hac habitasse platea dictumst. Morbi vestibulum, velit id pretium iaculis, diam erat fermentum justo, nec condimentum neque sapien placerat ante. Nulla justo.",
  "from-name": "Dalis Baglan",
  "from-email": "dbaglan2m@toplist.cz"
}, {
  "id": "35035b5d-89d4-4ef6-857e-483674108468",
  "to-name": "CSE186 Student",
  "to-email": "cse186-student@ucsc.edu",
  "subject": "Hole, The",
  "received": "2020-05-26T15:49:21Z",
  "content": "Morbi porttitor lorem id ligula. Suspendisse ornare consequat lectus. In est risus, auctor sed, tristique in, tempus sit amet, sem.\n\nFusce consequat. Nulla nisl. Nunc nisl.\n\nDuis bibendum, felis sed interdum venenatis, turpis enim blandit mi, in porttitor pede justo eu massa. Donec dapibus. Duis at velit eu est congue elementum.\n\nIn hac habitasse platea dictumst. Morbi vestibulum, velit id pretium iaculis, diam erat fermentum justo, nec condimentum neque sapien placerat ante. Nulla justo.\n\nAliquam quis turpis eget elit sodales scelerisque. Mauris sit amet eros. Suspendisse accumsan tortor quis turpis.",
  "from-name": "Ellery Arnaez",
  "from-email": "earnaez2n@posterous.com"
}, {
  "id": "d2f62177-a942-4071-b3a5-549a7ec9aa62",
  "to-name": "CSE186 Student",
  "to-email": "cse186-student@ucsc.edu",
  "subject": "Whom the Gods Wish to Destroy (Nibelungen, Teil 1: Siegfried, Die)",
  "received": "2020-01-05T14:07:29Z",
  "content": "Phasellus sit amet erat. Nulla tempus. Vivamus in felis eu sapien cursus vestibulum.\n\nProin eu mi. Nulla ac enim. In tempor, turpis nec euismod scelerisque, quam turpis adipiscing lorem, vitae mattis nibh ligula nec sem.\n\nDuis aliquam convallis nunc. Proin at turpis a pede posuere nonummy. Integer non velit.\n\nDonec diam neque, vestibulum eget, vulputate ut, ultrices vel, augue. Vestibulum ante ipsum primis in faucibus orci luctus et ultrices posuere cubilia Curae; Donec pharetra, magna vestibulum aliquet ultrices, erat tortor sollicitudin mi, sit amet lobortis sapien sapien non mi. Integer ac neque.",
  "from-name": "Jannelle Bessell",
  "from-email": "jbessell2o@chicagotribune.com"
}, {
  "id": "1672dfe2-eaf2-4c4e-a323-d76fe0f14f39",
  "to-name": "CSE186 Student",
  "to-email": "cse186-student@ucsc.edu",
  "subject": "Plumm Summer, A",
  "received": "2020-05-05T12:24:52Z",
  "content": "In sagittis dui vel nisl. Duis ac nibh. Fusce lacus purus, aliquet at, feugiat non, pretium quis, lectus.\n\nSuspendisse potenti. In eleifend quam a odio. In hac habitasse platea dictumst.\n\nMaecenas ut massa quis augue luctus tincidunt. Nulla mollis molestie lorem. Quisque ut erat.\n\nCurabitur gravida nisi at nibh. In hac habitasse platea dictumst. Aliquam augue quam, sollicitudin vitae, consectetuer eget, rutrum at, lorem.",
  "from-name": "Brett Graybeal",
  "from-email": "bgraybeal2p@skype.com"
}, {
  "id": "8173eb7e-29ef-4e91-a8f4-7726156c0893",
  "to-name": "CSE186 Student",
  "to-email": "cse186-student@ucsc.edu",
  "subject": "Apache Territory ",
  "received": "2020-01-05T04:40:48Z",
  "content": "Duis bibendum. Morbi non quam nec dui luctus rutrum. Nulla tellus.\n\nIn sagittis dui vel nisl. Duis ac nibh. Fusce lacus purus, aliquet at, feugiat non, pretium quis, lectus.\n\nSuspendisse potenti. In eleifend quam a odio. In hac habitasse platea dictumst.\n\nMaecenas ut massa quis augue luctus tincidunt. Nulla mollis molestie lorem. Quisque ut erat.",
  "from-name": "Loni Calabry",
  "from-email": "lcalabry2q@businesswire.com"
}, {
  "id": "910f64aa-26d6-4887-85ce-04160aa9550f",
  "to-name": "CSE186 Student",
  "to-email": "cse186-student@ucsc.edu",
  "subject": "Letter, The",
  "received": "2019-08-09T03:10:33Z",
  "content": "Quisque porta volutpat erat. Quisque erat eros, viverra eget, congue eget, semper rutrum, nulla. Nunc purus.\n\nPhasellus in felis. Donec semper sapien a libero. Nam dui.\n\nProin leo odio, porttitor id, consequat in, consequat ut, nulla. Sed accumsan felis. Ut at dolor quis odio consequat varius.\n\nInteger ac leo. Pellentesque ultrices mattis odio. Donec vitae nisi.\n\nNam ultrices, libero non mattis pulvinar, nulla pede ullamcorper augue, a suscipit nulla elit ac nulla. Sed vel enim sit amet nunc viverra dapibus. Nulla suscipit ligula in lacus.",
  "from-name": "Pearline Hastings",
  "from-email": "phastings2r@yelp.com"
}]