[{
  "id": "d10cbbfe-8b96-4d30-851e-f39b0eb4be0b",
  "from-name": "CSE186 Student",
  "from-email": "cse186-student@ucsc.edu",
  "subject": "Mr. Freedom",
  "received": "2020-02-21T02:26:04Z",
  "content": "Fusce consequat. Nulla nisl. Nunc nisl.\n\nDuis bibendum, felis sed interdum venenatis, turpis enim blandit mi, in porttitor pede justo eu massa. Donec dapibus. Duis at velit eu est congue elementum.\n\nIn hac habitasse platea dictumst. Morbi vestibulum, velit id pretium iaculis, diam erat fermentum justo, nec condimentum neque sapien placerat ante. Nulla justo.",
  "to-name": "Muhammad Caistor",
  "to-email": "mcaistor0@google.nl"
}, {
  "id": "cf0d38b5-86ee-48f9-83d3-f54ee84fb606",
  "from-name": "CSE186 Student",
  "from-email": "cse186-student@ucsc.edu",
  "subject": "Magic",
  "received": "2019-04-26T10:39:51Z",
  "content": "Nullam sit amet turpis elementum ligula vehicula consequat. Morbi a ipsum. Integer a nibh.\n\nIn quis justo. Maecenas rhoncus aliquam lacus. Morbi quis tortor id nulla ultrices aliquet.",
  "to-name": "Shae Dunbleton",
  "to-email": "sdunbleton1@yandex.ru"
}, {
  "id": "21aa4bc6-2242-4c4a-b21e-d656b416c978",
  "from-name": "CSE186 Student",
  "from-email": "cse186-student@ucsc.edu",
  "subject": "Black Hand",
  "received": "2020-06-19T01:27:57Z",
  "content": "Nullam porttitor lacus at turpis. Donec posuere metus vitae ipsum. Aliquam non mauris.\n\nMorbi non lectus. Aliquam sit amet diam in magna bibendum imperdiet. Nullam orci pede, venenatis non, sodales sed, tincidunt eu, felis.\n\nFusce posuere felis sed lacus. Morbi sem mauris, laoreet ut, rhoncus aliquet, pulvinar sed, nisl. Nunc rhoncus dui vel sem.",
  "to-name": "Jodie Kernan",
  "to-email": "jkernan2@diigo.com"
}, {
  "id": "d9b5a391-5cd4-4993-b0f1-27e1d91ab102",
  "from-name": "CSE186 Student",
  "from-email": "cse186-student@ucsc.edu",
  "subject": "Apt Pupil",
  "received": "2019-04-07T23:43:13Z",
  "content": "In hac habitasse platea dictumst. Etiam faucibus cursus urna. Ut tellus.\n\nNulla ut erat id mauris vulputate elementum. Nullam varius. Nulla facilisi.",
  "to-name": "Fleming Ivan",
  "to-email": "fivan3@youku.com"
}, {
  "id": "f30dce66-983d-4b5c-bc59-4e004a60055f",
  "from-name": "CSE186 Student",
  "from-email": "cse186-student@ucsc.edu",
  "subject": "Left Behind II: Tribulation Force",
  "received": "2019-02-24T12:33:19Z",
  "content": "Praesent blandit. Nam nulla. Integer pede justo, lacinia eget, tincidunt eget, tempus vel, pede.\n\nMorbi porttitor lorem id ligula. Suspendisse ornare consequat lectus. In est risus, auctor sed, tristique in, tempus sit amet, sem.\n\nFusce consequat. Nulla nisl. Nunc nisl.\n\nDuis bibendum, felis sed interdum venenatis, turpis enim blandit mi, in porttitor pede justo eu massa. Donec dapibus. Duis at velit eu est congue elementum.\n\nIn hac habitasse platea dictumst. Morbi vestibulum, velit id pretium iaculis, diam erat fermentum justo, nec condimentum neque sapien placerat ante. Nulla justo.",
  "to-name": "Jolie Cuningham",
  "to-email": "jcuningham4@cbc.ca"
}, {
  "id": "69b4a6f0-31e8-4c7c-9010-4588e8615297",
  "from-name": "CSE186 Student",
  "from-email": "cse186-student@ucsc.edu",
  "subject": "Guardian, The",
  "received": "2020-05-24T12:01:14Z",
  "content": "Praesent id massa id nisl venenatis lacinia. Aenean sit amet justo. Morbi ut odio.\n\nCras mi pede, malesuada in, imperdiet et, commodo vulputate, justo. In blandit ultrices enim. Lorem ipsum dolor sit amet, consectetuer adipiscing elit.\n\nProin interdum mauris non ligula pellentesque ultrices. Phasellus id sapien in sapien iaculis congue. Vivamus metus arcu, adipiscing molestie, hendrerit at, vulputate vitae, nisl.",
  "to-name": "Dorette Mulvihill",
  "to-email": "dmulvihill5@un.org"
}, {
  "id": "e1e439de-442e-41d7-83ab-95bdef4311f8",
  "from-name": "CSE186 Student",
  "from-email": "cse186-student@ucsc.edu",
  "subject": "Midnight's Children",
  "received": "2019-03-14T18:59:02Z",
  "content": "Phasellus sit amet erat. Nulla tempus. Vivamus in felis eu sapien cursus vestibulum.\n\nProin eu mi. Nulla ac enim. In tempor, turpis nec euismod scelerisque, quam turpis adipiscing lorem, vitae mattis nibh ligula nec sem.\n\nDuis aliquam convallis nunc. Proin at turpis a pede posuere nonummy. Integer non velit.",
  "to-name": "Minor Cowmeadow",
  "to-email": "mcowmeadow6@ibm.com"
}, {
  "id": "f938cdec-8bc5-4609-b2f0-da42a2c360b0",
  "from-name": "CSE186 Student",
  "from-email": "cse186-student@ucsc.edu",
  "subject": "Gorgon, The",
  "received": "2020-01-26T16:48:22Z",
  "content": "Nullam sit amet turpis elementum ligula vehicula consequat. Morbi a ipsum. Integer a nibh.\n\nIn quis justo. Maecenas rhoncus aliquam lacus. Morbi quis tortor id nulla ultrices aliquet.\n\nMaecenas leo odio, condimentum id, luctus nec, molestie sed, justo. Pellentesque viverra pede ac diam. Cras pellentesque volutpat dui.\n\nMaecenas tristique, est et tempus semper, est quam pharetra magna, ac consequat metus sapien ut nunc. Vestibulum ante ipsum primis in faucibus orci luctus et ultrices posuere cubilia Curae; Mauris viverra diam vitae quam. Suspendisse potenti.\n\nNullam porttitor lacus at turpis. Donec posuere metus vitae ipsum. Aliquam non mauris.",
  "to-name": "Evie Thompson",
  "to-email": "ethompson7@gov.uk"
}, {
  "id": "1794c9d3-09a9-4d69-8d5f-caf0f6793c61",
  "from-name": "CSE186 Student",
  "from-email": "cse186-student@ucsc.edu",
  "subject": "Junk Mail (Budbringeren)",
  "received": "2019-08-09T06:01:15Z",
  "content": "Mauris enim leo, rhoncus sed, vestibulum sit amet, cursus id, turpis. Integer aliquet, massa id lobortis convallis, tortor risus dapibus augue, vel accumsan tellus nisi eu orci. Mauris lacinia sapien quis libero.\n\nNullam sit amet turpis elementum ligula vehicula consequat. Morbi a ipsum. Integer a nibh.\n\nIn quis justo. Maecenas rhoncus aliquam lacus. Morbi quis tortor id nulla ultrices aliquet.\n\nMaecenas leo odio, condimentum id, luctus nec, molestie sed, justo. Pellentesque viverra pede ac diam. Cras pellentesque volutpat dui.",
  "to-name": "Lannie Winkworth",
  "to-email": "lwinkworth8@skyrock.com"
}, {
  "id": "0e0707b5-09b5-4c81-b7f4-95cf933d9615",
  "from-name": "CSE186 Student",
  "from-email": "cse186-student@ucsc.edu",
  "subject": "Chizuko's Younger Sister (Futari)",
  "received": "2020-03-04T14:55:20Z",
  "content": "Sed ante. Vivamus tortor. Duis mattis egestas metus.\n\nAenean fermentum. Donec ut mauris eget massa tempor convallis. Nulla neque libero, convallis eget, eleifend luctus, ultricies eu, nibh.",
  "to-name": "Mikel McAlinion",
  "to-email": "mmcalinion9@bing.com"
}, {
  "id": "b0362276-0580-4d70-83c4-f8b03abd95f3",
  "from-name": "CSE186 Student",
  "from-email": "cse186-student@ucsc.edu",
  "subject": "Mummy Returns, The",
  "received": "2019-04-16T08:58:06Z",
  "content": "Proin eu mi. Nulla ac enim. In tempor, turpis nec euismod scelerisque, quam turpis adipiscing lorem, vitae mattis nibh ligula nec sem.\n\nDuis aliquam convallis nunc. Proin at turpis a pede posuere nonummy. Integer non velit.\n\nDonec diam neque, vestibulum eget, vulputate ut, ultrices vel, augue. Vestibulum ante ipsum primis in faucibus orci luctus et ultrices posuere cubilia Curae; Donec pharetra, magna vestibulum aliquet ultrices, erat tortor sollicitudin mi, sit amet lobortis sapien sapien non mi. Integer ac neque.\n\nDuis bibendum. Morbi non quam nec dui luctus rutrum. Nulla tellus.\n\nIn sagittis dui vel nisl. Duis ac nibh. Fusce lacus purus, aliquet at, feugiat non, pretium quis, lectus.",
  "to-name": "Phillida Chanders",
  "to-email": "pchandersa@tinyurl.com"
}, {
  "id": "830327e6-6e2a-4193-81a9-ff1507278664",
  "from-name": "CSE186 Student",
  "from-email": "cse186-student@ucsc.edu",
  "subject": "Libeled Lady",
  "received": "2020-08-24T07:01:14Z",
  "content": "Duis consequat dui nec nisi volutpat eleifend. Donec ut dolor. Morbi vel lectus in quam fringilla rhoncus.\n\nMauris enim leo, rhoncus sed, vestibulum sit amet, cursus id, turpis. Integer aliquet, massa id lobortis convallis, tortor risus dapibus augue, vel accumsan tellus nisi eu orci. Mauris lacinia sapien quis libero.",
  "to-name": "Durand Crichmer",
  "to-email": "dcrichmerb@prnewswire.com"
}, {
  "id": "b6cf863b-70c3-4675-8af8-0ec4ab483c47",
  "from-name": "CSE186 Student",
  "from-email": "cse186-student@ucsc.edu",
  "subject": "Desperation",
  "received": "2020-06-14T15:03:04Z",
  "content": "Morbi porttitor lorem id ligula. Suspendisse ornare consequat lectus. In est risus, auctor sed, tristique in, tempus sit amet, sem.\n\nFusce consequat. Nulla nisl. Nunc nisl.\n\nDuis bibendum, felis sed interdum venenatis, turpis enim blandit mi, in porttitor pede justo eu massa. Donec dapibus. Duis at velit eu est congue elementum.",
  "to-name": "Broderic Jannings",
  "to-email": "bjanningsc@bbb.org"
}, {
  "id": "ea359a59-e27d-42a5-85d6-e8ec34e5bc76",
  "from-name": "CSE186 Student",
  "from-email": "cse186-student@ucsc.edu",
  "subject": "Wave, The",
  "received": "2020-11-10T21:27:21Z",
  "content": "Aliquam quis turpis eget elit sodales scelerisque. Mauris sit amet eros. Suspendisse accumsan tortor quis turpis.\n\nSed ante. Vivamus tortor. Duis mattis egestas metus.\n\nAenean fermentum. Donec ut mauris eget massa tempor convallis. Nulla neque libero, convallis eget, eleifend luctus, ultricies eu, nibh.",
  "to-name": "Anni Yakovlev",
  "to-email": "ayakovlevd@geocities.com"
}, {
  "id": "bc9e2c8d-8668-4a48-ab5f-6ca35b0d8803",
  "from-name": "CSE186 Student",
  "from-email": "cse186-student@ucsc.edu",
  "subject": "Breaker! Breaker!",
  "received": "2019-03-30T23:47:22Z",
  "content": "Cras mi pede, malesuada in, imperdiet et, commodo vulputate, justo. In blandit ultrices enim. Lorem ipsum dolor sit amet, consectetuer adipiscing elit.\n\nProin interdum mauris non ligula pellentesque ultrices. Phasellus id sapien in sapien iaculis congue. Vivamus metus arcu, adipiscing molestie, hendrerit at, vulputate vitae, nisl.",
  "to-name": "Stan Mountlow",
  "to-email": "smountlowe@fema.gov"
}, {
  "id": "dbbf2397-0929-4a36-8951-3e04a38a30e2",
  "from-name": "CSE186 Student",
  "from-email": "cse186-student@ucsc.edu",
  "subject": "The Adventures of Tom Thumb & Thumbelina",
  "received": "2020-10-18T09:45:23Z",
  "content": "In sagittis dui vel nisl. Duis ac nibh. Fusce lacus purus, aliquet at, feugiat non, pretium quis, lectus.\n\nSuspendisse potenti. In eleifend quam a odio. In hac habitasse platea dictumst.",
  "to-name": "Lynnet Thorburn",
  "to-email": "lthorburnf@slate.com"
}, {
  "id": "3f5a078d-f6af-4413-b722-257748901e64",
  "from-name": "CSE186 Student",
  "from-email": "cse186-student@ucsc.edu",
  "subject": "Questo piccolo grande amore",
  "received": "2019-12-25T07:04:11Z",
  "content": "Sed sagittis. Nam congue, risus semper porta volutpat, quam pede lobortis ligula, sit amet eleifend pede libero quis orci. Nullam molestie nibh in lectus.\n\nPellentesque at nulla. Suspendisse potenti. Cras in purus eu magna vulputate luctus.\n\nCum sociis natoque penatibus et magnis dis parturient montes, nascetur ridiculus mus. Vivamus vestibulum sagittis sapien. Cum sociis natoque penatibus et magnis dis parturient montes, nascetur ridiculus mus.\n\nEtiam vel augue. Vestibulum rutrum rutrum neque. Aenean auctor gravida sem.\n\nPraesent id massa id nisl venenatis lacinia. Aenean sit amet justo. Morbi ut odio.",
  "to-name": "Andreana Mallinar",
  "to-email": "amallinarg@microsoft.com"
}, {
  "id": "8159a745-d808-4036-9b23-6e64640deb1f",
  "from-name": "CSE186 Student",
  "from-email": "cse186-student@ucsc.edu",
  "subject": "Tomorrow Never Dies",
  "received": "2019-03-22T18:04:26Z",
  "content": "Vestibulum ac est lacinia nisi venenatis tristique. Fusce congue, diam id ornare imperdiet, sapien urna pretium nisl, ut volutpat sapien arcu sed augue. Aliquam erat volutpat.\n\nIn congue. Etiam justo. Etiam pretium iaculis justo.\n\nIn hac habitasse platea dictumst. Etiam faucibus cursus urna. Ut tellus.\n\nNulla ut erat id mauris vulputate elementum. Nullam varius. Nulla facilisi.",
  "to-name": "Jaquenette Omar",
  "to-email": "jomarh@bluehost.com"
}, {
  "id": "8d849885-7e01-4ddc-a08d-6b47ab488093",
  "from-name": "CSE186 Student",
  "from-email": "cse186-student@ucsc.edu",
  "subject": "Ricky Gervais: Out of England - The Stand-Up Special",
  "received": "2019-10-23T05:17:17Z",
  "content": "Quisque id justo sit amet sapien dignissim vestibulum. Vestibulum ante ipsum primis in faucibus orci luctus et ultrices posuere cubilia Curae; Nulla dapibus dolor vel est. Donec odio justo, sollicitudin ut, suscipit a, feugiat et, eros.\n\nVestibulum ac est lacinia nisi venenatis tristique. Fusce congue, diam id ornare imperdiet, sapien urna pretium nisl, ut volutpat sapien arcu sed augue. Aliquam erat volutpat.\n\nIn congue. Etiam justo. Etiam pretium iaculis justo.\n\nIn hac habitasse platea dictumst. Etiam faucibus cursus urna. Ut tellus.\n\nNulla ut erat id mauris vulputate elementum. Nullam varius. Nulla facilisi.",
  "to-name": "Anabelle Amthor",
  "to-email": "aamthori@oracle.com"
}, {
  "id": "7ad35d9d-094f-4a55-97ac-57eefeaaa9bc",
  "from-name": "CSE186 Student",
  "from-email": "cse186-student@ucsc.edu",
  "subject": "Nothing But Ghosts (Nichts als Gespenster)",
  "received": "2019-04-07T10:28:50Z",
  "content": "In congue. Etiam justo. Etiam pretium iaculis justo.\n\nIn hac habitasse platea dictumst. Etiam faucibus cursus urna. Ut tellus.\n\nNulla ut erat id mauris vulputate elementum. Nullam varius. Nulla facilisi.",
  "to-name": "Federico Scholling",
  "to-email": "fschollingj@netvibes.com"
}, {
  "id": "0a746869-0d66-48dd-b8d9-2bdd2d8b3322",
  "from-name": "CSE186 Student",
  "from-email": "cse186-student@ucsc.edu",
  "subject": "Lizard, The (Marmoulak)",
  "received": "2019-07-23T02:11:27Z",
  "content": "Maecenas tristique, est et tempus semper, est quam pharetra magna, ac consequat metus sapien ut nunc. Vestibulum ante ipsum primis in faucibus orci luctus et ultrices posuere cubilia Curae; Mauris viverra diam vitae quam. Suspendisse potenti.\n\nNullam porttitor lacus at turpis. Donec posuere metus vitae ipsum. Aliquam non mauris.\n\nMorbi non lectus. Aliquam sit amet diam in magna bibendum imperdiet. Nullam orci pede, venenatis non, sodales sed, tincidunt eu, felis.\n\nFusce posuere felis sed lacus. Morbi sem mauris, laoreet ut, rhoncus aliquet, pulvinar sed, nisl. Nunc rhoncus dui vel sem.\n\nSed sagittis. Nam congue, risus semper porta volutpat, quam pede lobortis ligula, sit amet eleifend pede libero quis orci. Nullam molestie nibh in lectus.",
  "to-name": "Remus Lomen",
  "to-email": "rlomenk@tripod.com"
}, {
  "id": "0067c50a-55a3-4ad4-9d59-bb041d5fe2f4",
  "from-name": "CSE186 Student",
  "from-email": "cse186-student@ucsc.edu",
  "subject": "Simple Plan, A",
  "received": "2019-11-28T21:51:22Z",
  "content": "Cum sociis natoque penatibus et magnis dis parturient montes, nascetur ridiculus mus. Vivamus vestibulum sagittis sapien. Cum sociis natoque penatibus et magnis dis parturient montes, nascetur ridiculus mus.\n\nEtiam vel augue. Vestibulum rutrum rutrum neque. Aenean auctor gravida sem.\n\nPraesent id massa id nisl venenatis lacinia. Aenean sit amet justo. Morbi ut odio.\n\nCras mi pede, malesuada in, imperdiet et, commodo vulputate, justo. In blandit ultrices enim. Lorem ipsum dolor sit amet, consectetuer adipiscing elit.\n\nProin interdum mauris non ligula pellentesque ultrices. Phasellus id sapien in sapien iaculis congue. Vivamus metus arcu, adipiscing molestie, hendrerit at, vulputate vitae, nisl.",
  "to-name": "Chevy Boow",
  "to-email": "cboowl@japanpost.jp"
}, {
  "id": "8230b82a-aec7-4053-9693-5000a6c02d9c",
  "from-name": "CSE186 Student",
  "from-email": "cse186-student@ucsc.edu",
  "subject": "Overnight",
  "received": "2019-09-23T23:05:15Z",
  "content": "Donec diam neque, vestibulum eget, vulputate ut, ultrices vel, augue. Vestibulum ante ipsum primis in faucibus orci luctus et ultrices posuere cubilia Curae; Donec pharetra, magna vestibulum aliquet ultrices, erat tortor sollicitudin mi, sit amet lobortis sapien sapien non mi. Integer ac neque.\n\nDuis bibendum. Morbi non quam nec dui luctus rutrum. Nulla tellus.\n\nIn sagittis dui vel nisl. Duis ac nibh. Fusce lacus purus, aliquet at, feugiat non, pretium quis, lectus.\n\nSuspendisse potenti. In eleifend quam a odio. In hac habitasse platea dictumst.\n\nMaecenas ut massa quis augue luctus tincidunt. Nulla mollis molestie lorem. Quisque ut erat.",
  "to-name": "Lorette Forgie",
  "to-email": "lforgiem@desdev.cn"
}, {
  "id": "53c2480d-1bbb-4c8d-b956-2db7561d2512",
  "from-name": "CSE186 Student",
  "from-email": "cse186-student@ucsc.edu",
  "subject": "Low Down Dirty Shame, A",
  "received": "2019-09-22T14:40:30Z",
  "content": "Lorem ipsum dolor sit amet, consectetuer adipiscing elit. Proin risus. Praesent lectus.\n\nVestibulum quam sapien, varius ut, blandit non, interdum in, ante. Vestibulum ante ipsum primis in faucibus orci luctus et ultrices posuere cubilia Curae; Duis faucibus accumsan odio. Curabitur convallis.\n\nDuis consequat dui nec nisi volutpat eleifend. Donec ut dolor. Morbi vel lectus in quam fringilla rhoncus.\n\nMauris enim leo, rhoncus sed, vestibulum sit amet, cursus id, turpis. Integer aliquet, massa id lobortis convallis, tortor risus dapibus augue, vel accumsan tellus nisi eu orci. Mauris lacinia sapien quis libero.\n\nNullam sit amet turpis elementum ligula vehicula consequat. Morbi a ipsum. Integer a nibh.",
  "to-name": "Ardenia Boyles",
  "to-email": "aboylesn@va.gov"
}, {
  "id": "ff8dbd5d-db22-437b-a197-36e3b6abce24",
  "from-name": "CSE186 Student",
  "from-email": "cse186-student@ucsc.edu",
  "subject": "Buffalo Bill and the Indians, or Sitting Bull's History Lesson (a.k.a. Buffalo Bill and the Indians)",
  "received": "2020-07-03T22:45:43Z",
  "content": "Duis bibendum. Morbi non quam nec dui luctus rutrum. Nulla tellus.\n\nIn sagittis dui vel nisl. Duis ac nibh. Fusce lacus purus, aliquet at, feugiat non, pretium quis, lectus.\n\nSuspendisse potenti. In eleifend quam a odio. In hac habitasse platea dictumst.\n\nMaecenas ut massa quis augue luctus tincidunt. Nulla mollis molestie lorem. Quisque ut erat.\n\nCurabitur gravida nisi at nibh. In hac habitasse platea dictumst. Aliquam augue quam, sollicitudin vitae, consectetuer eget, rutrum at, lorem.",
  "to-name": "Maximo McCullough",
  "to-email": "mmccullougho@mysql.com"
}, {
  "id": "0fbac661-83d4-47b6-92ed-cc02788ddf28",
  "from-name": "CSE186 Student",
  "from-email": "cse186-student@ucsc.edu",
  "subject": "Kika",
  "received": "2020-01-23T01:43:06Z",
  "content": "Duis consequat dui nec nisi volutpat eleifend. Donec ut dolor. Morbi vel lectus in quam fringilla rhoncus.\n\nMauris enim leo, rhoncus sed, vestibulum sit amet, cursus id, turpis. Integer aliquet, massa id lobortis convallis, tortor risus dapibus augue, vel accumsan tellus nisi eu orci. Mauris lacinia sapien quis libero.",
  "to-name": "Raphaela Danilowicz",
  "to-email": "rdanilowiczp@posterous.com"
}, {
  "id": "c9e8ff9c-fcc0-4941-8e74-35fdddc15d6a",
  "from-name": "CSE186 Student",
  "from-email": "cse186-student@ucsc.edu",
  "subject": "Desirée",
  "received": "2020-06-22T13:53:21Z",
  "content": "Maecenas tristique, est et tempus semper, est quam pharetra magna, ac consequat metus sapien ut nunc. Vestibulum ante ipsum primis in faucibus orci luctus et ultrices posuere cubilia Curae; Mauris viverra diam vitae quam. Suspendisse potenti.\n\nNullam porttitor lacus at turpis. Donec posuere metus vitae ipsum. Aliquam non mauris.",
  "to-name": "Vivien Houseman",
  "to-email": "vhousemanq@discovery.com"
}, {
  "id": "14ec143f-9b30-4d0e-ba1d-e34c6540b1e9",
  "from-name": "CSE186 Student",
  "from-email": "cse186-student@ucsc.edu",
  "subject": "Mariage à Mendoza",
  "received": "2020-04-30T17:35:42Z",
  "content": "In congue. Etiam justo. Etiam pretium iaculis justo.\n\nIn hac habitasse platea dictumst. Etiam faucibus cursus urna. Ut tellus.\n\nNulla ut erat id mauris vulputate elementum. Nullam varius. Nulla facilisi.\n\nCras non velit nec nisi vulputate nonummy. Maecenas tincidunt lacus at velit. Vivamus vel nulla eget eros elementum pellentesque.",
  "to-name": "Annmaria Szymonwicz",
  "to-email": "aszymonwiczr@alibaba.com"
}, {
  "id": "6494eacc-243f-4ace-869d-ba66c3867eda",
  "from-name": "CSE186 Student",
  "from-email": "cse186-student@ucsc.edu",
  "subject": "Pokémon: The First Movie",
  "received": "2020-06-22T10:30:22Z",
  "content": "Sed sagittis. Nam congue, risus semper porta volutpat, quam pede lobortis ligula, sit amet eleifend pede libero quis orci. Nullam molestie nibh in lectus.\n\nPellentesque at nulla. Suspendisse potenti. Cras in purus eu magna vulputate luctus.",
  "to-name": "Gunner McGibbon",
  "to-email": "gmcgibbons@unicef.org"
}, {
  "id": "0ae4692d-2286-47bb-9204-e9d3812f7cd1",
  "from-name": "CSE186 Student",
  "from-email": "cse186-student@ucsc.edu",
  "subject": "Martín (Hache)",
  "received": "2020-03-12T08:35:12Z",
  "content": "Aenean fermentum. Donec ut mauris eget massa tempor convallis. Nulla neque libero, convallis eget, eleifend luctus, ultricies eu, nibh.\n\nQuisque id justo sit amet sapien dignissim vestibulum. Vestibulum ante ipsum primis in faucibus orci luctus et ultrices posuere cubilia Curae; Nulla dapibus dolor vel est. Donec odio justo, sollicitudin ut, suscipit a, feugiat et, eros.\n\nVestibulum ac est lacinia nisi venenatis tristique. Fusce congue, diam id ornare imperdiet, sapien urna pretium nisl, ut volutpat sapien arcu sed augue. Aliquam erat volutpat.",
  "to-name": "Berkie Ramsay",
  "to-email": "bramsayt@technorati.com"
}, {
  "id": "b419b5f2-cab8-4337-a67e-b8d1093314c7",
  "from-name": "CSE186 Student",
  "from-email": "cse186-student@ucsc.edu",
  "subject": "The Butter Battle Book",
  "received": "2020-10-20T23:22:14Z",
  "content": "Mauris enim leo, rhoncus sed, vestibulum sit amet, cursus id, turpis. Integer aliquet, massa id lobortis convallis, tortor risus dapibus augue, vel accumsan tellus nisi eu orci. Mauris lacinia sapien quis libero.\n\nNullam sit amet turpis elementum ligula vehicula consequat. Morbi a ipsum. Integer a nibh.\n\nIn quis justo. Maecenas rhoncus aliquam lacus. Morbi quis tortor id nulla ultrices aliquet.",
  "to-name": "Clement Feetham",
  "to-email": "cfeethamu@cbslocal.com"
}, {
  "id": "11e9c70b-6cc2-4639-a4ad-ea4350cdb76e",
  "from-name": "CSE186 Student",
  "from-email": "cse186-student@ucsc.edu",
  "subject": "13 Beloved (13 game sayawng)",
  "received": "2019-06-05T00:15:01Z",
  "content": "Vestibulum ac est lacinia nisi venenatis tristique. Fusce congue, diam id ornare imperdiet, sapien urna pretium nisl, ut volutpat sapien arcu sed augue. Aliquam erat volutpat.\n\nIn congue. Etiam justo. Etiam pretium iaculis justo.",
  "to-name": "Jody Farden",
  "to-email": "jfardenv@4shared.com"
}, {
  "id": "634efba5-d7ec-4907-8d99-f04f70af3529",
  "from-name": "CSE186 Student",
  "from-email": "cse186-student@ucsc.edu",
  "subject": "Absurdistan",
  "received": "2020-01-28T15:57:10Z",
  "content": "Aenean lectus. Pellentesque eget nunc. Donec quis orci eget orci vehicula condimentum.\n\nCurabitur in libero ut massa volutpat convallis. Morbi odio odio, elementum eu, interdum eu, tincidunt in, leo. Maecenas pulvinar lobortis est.\n\nPhasellus sit amet erat. Nulla tempus. Vivamus in felis eu sapien cursus vestibulum.\n\nProin eu mi. Nulla ac enim. In tempor, turpis nec euismod scelerisque, quam turpis adipiscing lorem, vitae mattis nibh ligula nec sem.\n\nDuis aliquam convallis nunc. Proin at turpis a pede posuere nonummy. Integer non velit.",
  "to-name": "Sharity Tuplin",
  "to-email": "stuplinw@engadget.com"
}, {
  "id": "76180baa-1f1c-485a-a094-d60f6c06e79b",
  "from-name": "CSE186 Student",
  "from-email": "cse186-student@ucsc.edu",
  "subject": "Brain That Wouldn't Die, The",
  "received": "2020-04-01T00:44:02Z",
  "content": "Suspendisse potenti. In eleifend quam a odio. In hac habitasse platea dictumst.\n\nMaecenas ut massa quis augue luctus tincidunt. Nulla mollis molestie lorem. Quisque ut erat.\n\nCurabitur gravida nisi at nibh. In hac habitasse platea dictumst. Aliquam augue quam, sollicitudin vitae, consectetuer eget, rutrum at, lorem.",
  "to-name": "Desi Butchart",
  "to-email": "dbutchartx@bandcamp.com"
}, {
  "id": "d500babd-26a8-44c3-b382-7b5226f9aef9",
  "from-name": "CSE186 Student",
  "from-email": "cse186-student@ucsc.edu",
  "subject": "Wicked Blood",
  "received": "2019-09-13T16:00:35Z",
  "content": "Lorem ipsum dolor sit amet, consectetuer adipiscing elit. Proin risus. Praesent lectus.\n\nVestibulum quam sapien, varius ut, blandit non, interdum in, ante. Vestibulum ante ipsum primis in faucibus orci luctus et ultrices posuere cubilia Curae; Duis faucibus accumsan odio. Curabitur convallis.\n\nDuis consequat dui nec nisi volutpat eleifend. Donec ut dolor. Morbi vel lectus in quam fringilla rhoncus.\n\nMauris enim leo, rhoncus sed, vestibulum sit amet, cursus id, turpis. Integer aliquet, massa id lobortis convallis, tortor risus dapibus augue, vel accumsan tellus nisi eu orci. Mauris lacinia sapien quis libero.",
  "to-name": "Maddy MacLure",
  "to-email": "mmaclurey@slideshare.net"
}, {
  "id": "42a104ff-6aa6-4fde-ba8c-8baf1b9c8a7e",
  "from-name": "CSE186 Student",
  "from-email": "cse186-student@ucsc.edu",
  "subject": "Hellbound?",
  "received": "2019-04-27T04:14:56Z",
  "content": "Lorem ipsum dolor sit amet, consectetuer adipiscing elit. Proin risus. Praesent lectus.\n\nVestibulum quam sapien, varius ut, blandit non, interdum in, ante. Vestibulum ante ipsum primis in faucibus orci luctus et ultrices posuere cubilia Curae; Duis faucibus accumsan odio. Curabitur convallis.\n\nDuis consequat dui nec nisi volutpat eleifend. Donec ut dolor. Morbi vel lectus in quam fringilla rhoncus.\n\nMauris enim leo, rhoncus sed, vestibulum sit amet, cursus id, turpis. Integer aliquet, massa id lobortis convallis, tortor risus dapibus augue, vel accumsan tellus nisi eu orci. Mauris lacinia sapien quis libero.\n\nNullam sit amet turpis elementum ligula vehicula consequat. Morbi a ipsum. Integer a nibh.",
  "to-name": "Dina Metherell",
  "to-email": "dmetherellz@dell.com"
}, {
  "id": "d21ae81c-ecb7-4cf2-b98b-3751c1379668",
  "from-name": "CSE186 Student",
  "from-email": "cse186-student@ucsc.edu",
  "subject": "Letter, The",
  "received": "2019-02-16T07:51:16Z",
  "content": "Integer ac leo. Pellentesque ultrices mattis odio. Donec vitae nisi.\n\nNam ultrices, libero non mattis pulvinar, nulla pede ullamcorper augue, a suscipit nulla elit ac nulla. Sed vel enim sit amet nunc viverra dapibus. Nulla suscipit ligula in lacus.",
  "to-name": "Ame Kilgallon",
  "to-email": "akilgallon10@nydailynews.com"
}, {
  "id": "8c1637ab-3963-4a27-a94a-4ed7d917695b",
  "from-name": "CSE186 Student",
  "from-email": "cse186-student@ucsc.edu",
  "subject": "Gloria",
  "received": "2019-02-28T13:15:49Z",
  "content": "Maecenas leo odio, condimentum id, luctus nec, molestie sed, justo. Pellentesque viverra pede ac diam. Cras pellentesque volutpat dui.\n\nMaecenas tristique, est et tempus semper, est quam pharetra magna, ac consequat metus sapien ut nunc. Vestibulum ante ipsum primis in faucibus orci luctus et ultrices posuere cubilia Curae; Mauris viverra diam vitae quam. Suspendisse potenti.\n\nNullam porttitor lacus at turpis. Donec posuere metus vitae ipsum. Aliquam non mauris.",
  "to-name": "Shay Purchall",
  "to-email": "spurchall11@example.com"
}, {
  "id": "b1b3f2f1-7951-457c-9fd6-4e91f7bc79cf",
  "from-name": "CSE186 Student",
  "from-email": "cse186-student@ucsc.edu",
  "subject": "Sleeping Dictionary, The",
  "received": "2019-11-15T22:18:49Z",
  "content": "Vestibulum ac est lacinia nisi venenatis tristique. Fusce congue, diam id ornare imperdiet, sapien urna pretium nisl, ut volutpat sapien arcu sed augue. Aliquam erat volutpat.\n\nIn congue. Etiam justo. Etiam pretium iaculis justo.\n\nIn hac habitasse platea dictumst. Etiam faucibus cursus urna. Ut tellus.",
  "to-name": "Vito Quinell",
  "to-email": "vquinell12@reuters.com"
}, {
  "id": "32912bf7-be86-4902-97a0-27e9b6520b84",
  "from-name": "CSE186 Student",
  "from-email": "cse186-student@ucsc.edu",
  "subject": "The Wait",
  "received": "2020-01-05T20:37:00Z",
  "content": "Nullam sit amet turpis elementum ligula vehicula consequat. Morbi a ipsum. Integer a nibh.\n\nIn quis justo. Maecenas rhoncus aliquam lacus. Morbi quis tortor id nulla ultrices aliquet.\n\nMaecenas leo odio, condimentum id, luctus nec, molestie sed, justo. Pellentesque viverra pede ac diam. Cras pellentesque volutpat dui.\n\nMaecenas tristique, est et tempus semper, est quam pharetra magna, ac consequat metus sapien ut nunc. Vestibulum ante ipsum primis in faucibus orci luctus et ultrices posuere cubilia Curae; Mauris viverra diam vitae quam. Suspendisse potenti.",
  "to-name": "Porty Manterfield",
  "to-email": "pmanterfield13@reference.com"
}, {
  "id": "7504e3f3-30f6-47a8-890c-284461c70c0d",
  "from-name": "CSE186 Student",
  "from-email": "cse186-student@ucsc.edu",
  "subject": "My Chauffeur",
  "received": "2020-09-15T01:46:48Z",
  "content": "Donec diam neque, vestibulum eget, vulputate ut, ultrices vel, augue. Vestibulum ante ipsum primis in faucibus orci luctus et ultrices posuere cubilia Curae; Donec pharetra, magna vestibulum aliquet ultrices, erat tortor sollicitudin mi, sit amet lobortis sapien sapien non mi. Integer ac neque.\n\nDuis bibendum. Morbi non quam nec dui luctus rutrum. Nulla tellus.\n\nIn sagittis dui vel nisl. Duis ac nibh. Fusce lacus purus, aliquet at, feugiat non, pretium quis, lectus.\n\nSuspendisse potenti. In eleifend quam a odio. In hac habitasse platea dictumst.",
  "to-name": "Donnie Westover",
  "to-email": "dwestover14@google.es"
}, {
  "id": "e5c651df-eb11-4013-bdfc-0de42a1c5b73",
  "from-name": "CSE186 Student",
  "from-email": "cse186-student@ucsc.edu",
  "subject": "Murder at the Gallop",
  "received": "2019-09-13T19:59:33Z",
  "content": "Pellentesque at nulla. Suspendisse potenti. Cras in purus eu magna vulputate luctus.\n\nCum sociis natoque penatibus et magnis dis parturient montes, nascetur ridiculus mus. Vivamus vestibulum sagittis sapien. Cum sociis natoque penatibus et magnis dis parturient montes, nascetur ridiculus mus.",
  "to-name": "Leonhard Backshell",
  "to-email": "lbackshell15@utexas.edu"
}, {
  "id": "9184aceb-b2df-4cd8-84f0-9963b406f012",
  "from-name": "CSE186 Student",
  "from-email": "cse186-student@ucsc.edu",
  "subject": "Dialogues with Solzhenitsyn (Uzel)",
  "received": "2019-12-04T16:29:31Z",
  "content": "Maecenas leo odio, condimentum id, luctus nec, molestie sed, justo. Pellentesque viverra pede ac diam. Cras pellentesque volutpat dui.\n\nMaecenas tristique, est et tempus semper, est quam pharetra magna, ac consequat metus sapien ut nunc. Vestibulum ante ipsum primis in faucibus orci luctus et ultrices posuere cubilia Curae; Mauris viverra diam vitae quam. Suspendisse potenti.\n\nNullam porttitor lacus at turpis. Donec posuere metus vitae ipsum. Aliquam non mauris.\n\nMorbi non lectus. Aliquam sit amet diam in magna bibendum imperdiet. Nullam orci pede, venenatis non, sodales sed, tincidunt eu, felis.\n\nFusce posuere felis sed lacus. Morbi sem mauris, laoreet ut, rhoncus aliquet, pulvinar sed, nisl. Nunc rhoncus dui vel sem.",
  "to-name": "Arielle McCaffrey",
  "to-email": "amccaffrey16@columbia.edu"
}, {
  "id": "00cc62e6-d687-481a-b85f-1ad0bec72eed",
  "from-name": "CSE186 Student",
  "from-email": "cse186-student@ucsc.edu",
  "subject": "Penny Dreadful",
  "received": "2020-10-01T15:59:50Z",
  "content": "Integer tincidunt ante vel ipsum. Praesent blandit lacinia erat. Vestibulum sed magna at nunc commodo placerat.\n\nPraesent blandit. Nam nulla. Integer pede justo, lacinia eget, tincidunt eget, tempus vel, pede.\n\nMorbi porttitor lorem id ligula. Suspendisse ornare consequat lectus. In est risus, auctor sed, tristique in, tempus sit amet, sem.\n\nFusce consequat. Nulla nisl. Nunc nisl.\n\nDuis bibendum, felis sed interdum venenatis, turpis enim blandit mi, in porttitor pede justo eu massa. Donec dapibus. Duis at velit eu est congue elementum.",
  "to-name": "Kala Swabey",
  "to-email": "kswabey17@behance.net"
}, {
  "id": "1de48606-54b7-4cbd-8a9a-f64be52ec3ec",
  "from-name": "CSE186 Student",
  "from-email": "cse186-student@ucsc.edu",
  "subject": "Goofy Movies Number One",
  "received": "2020-06-08T21:58:13Z",
  "content": "Cras non velit nec nisi vulputate nonummy. Maecenas tincidunt lacus at velit. Vivamus vel nulla eget eros elementum pellentesque.\n\nQuisque porta volutpat erat. Quisque erat eros, viverra eget, congue eget, semper rutrum, nulla. Nunc purus.\n\nPhasellus in felis. Donec semper sapien a libero. Nam dui.\n\nProin leo odio, porttitor id, consequat in, consequat ut, nulla. Sed accumsan felis. Ut at dolor quis odio consequat varius.\n\nInteger ac leo. Pellentesque ultrices mattis odio. Donec vitae nisi.",
  "to-name": "Annelise Warlton",
  "to-email": "awarlton18@wordpress.com"
}, {
  "id": "598a294d-0416-4b70-b6b2-238e1d72f3a8",
  "from-name": "CSE186 Student",
  "from-email": "cse186-student@ucsc.edu",
  "subject": "White Hell of Pitz Palu, The (Die weiße Hölle vom Piz Palü) ",
  "received": "2020-05-24T17:23:07Z",
  "content": "Vestibulum quam sapien, varius ut, blandit non, interdum in, ante. Vestibulum ante ipsum primis in faucibus orci luctus et ultrices posuere cubilia Curae; Duis faucibus accumsan odio. Curabitur convallis.\n\nDuis consequat dui nec nisi volutpat eleifend. Donec ut dolor. Morbi vel lectus in quam fringilla rhoncus.\n\nMauris enim leo, rhoncus sed, vestibulum sit amet, cursus id, turpis. Integer aliquet, massa id lobortis convallis, tortor risus dapibus augue, vel accumsan tellus nisi eu orci. Mauris lacinia sapien quis libero.",
  "to-name": "Gearalt Annand",
  "to-email": "gannand19@canalblog.com"
}, {
  "id": "86e07e53-afb9-47d0-a5c6-30e21097fd1c",
  "from-name": "CSE186 Student",
  "from-email": "cse186-student@ucsc.edu",
  "subject": "Children of the Corn: Revelation",
  "received": "2019-06-06T22:22:49Z",
  "content": "Mauris enim leo, rhoncus sed, vestibulum sit amet, cursus id, turpis. Integer aliquet, massa id lobortis convallis, tortor risus dapibus augue, vel accumsan tellus nisi eu orci. Mauris lacinia sapien quis libero.\n\nNullam sit amet turpis elementum ligula vehicula consequat. Morbi a ipsum. Integer a nibh.\n\nIn quis justo. Maecenas rhoncus aliquam lacus. Morbi quis tortor id nulla ultrices aliquet.",
  "to-name": "Ethelyn Layus",
  "to-email": "elayus1a@vistaprint.com"
}, {
  "id": "d4f34f21-e60a-4c3d-832d-ef751238b487",
  "from-name": "CSE186 Student",
  "from-email": "cse186-student@ucsc.edu",
  "subject": "Heart of Me, The",
  "received": "2019-04-21T04:26:34Z",
  "content": "In sagittis dui vel nisl. Duis ac nibh. Fusce lacus purus, aliquet at, feugiat non, pretium quis, lectus.\n\nSuspendisse potenti. In eleifend quam a odio. In hac habitasse platea dictumst.\n\nMaecenas ut massa quis augue luctus tincidunt. Nulla mollis molestie lorem. Quisque ut erat.\n\nCurabitur gravida nisi at nibh. In hac habitasse platea dictumst. Aliquam augue quam, sollicitudin vitae, consectetuer eget, rutrum at, lorem.\n\nInteger tincidunt ante vel ipsum. Praesent blandit lacinia erat. Vestibulum sed magna at nunc commodo placerat.",
  "to-name": "Gussy Cuckson",
  "to-email": "gcuckson1b@narod.ru"
}, {
  "id": "2ae0c1dd-af3e-42f2-ae02-51c48d548854",
  "from-name": "CSE186 Student",
  "from-email": "cse186-student@ucsc.edu",
  "subject": "Out of Africa",
  "received": "2020-01-01T16:40:02Z",
  "content": "Nullam sit amet turpis elementum ligula vehicula consequat. Morbi a ipsum. Integer a nibh.\n\nIn quis justo. Maecenas rhoncus aliquam lacus. Morbi quis tortor id nulla ultrices aliquet.\n\nMaecenas leo odio, condimentum id, luctus nec, molestie sed, justo. Pellentesque viverra pede ac diam. Cras pellentesque volutpat dui.\n\nMaecenas tristique, est et tempus semper, est quam pharetra magna, ac consequat metus sapien ut nunc. Vestibulum ante ipsum primis in faucibus orci luctus et ultrices posuere cubilia Curae; Mauris viverra diam vitae quam. Suspendisse potenti.\n\nNullam porttitor lacus at turpis. Donec posuere metus vitae ipsum. Aliquam non mauris.",
  "to-name": "Juliana Constantine",
  "to-email": "jconstantine1c@networkadvertising.org"
}, {
  "id": "71f502a3-fe6e-4812-b145-6fb5ab824cb5",
  "from-name": "CSE186 Student",
  "from-email": "cse186-student@ucsc.edu",
  "subject": "Parent Trap, The",
  "received": "2020-08-30T17:10:05Z",
  "content": "Maecenas tristique, est et tempus semper, est quam pharetra magna, ac consequat metus sapien ut nunc. Vestibulum ante ipsum primis in faucibus orci luctus et ultrices posuere cubilia Curae; Mauris viverra diam vitae quam. Suspendisse potenti.\n\nNullam porttitor lacus at turpis. Donec posuere metus vitae ipsum. Aliquam non mauris.\n\nMorbi non lectus. Aliquam sit amet diam in magna bibendum imperdiet. Nullam orci pede, venenatis non, sodales sed, tincidunt eu, felis.\n\nFusce posuere felis sed lacus. Morbi sem mauris, laoreet ut, rhoncus aliquet, pulvinar sed, nisl. Nunc rhoncus dui vel sem.\n\nSed sagittis. Nam congue, risus semper porta volutpat, quam pede lobortis ligula, sit amet eleifend pede libero quis orci. Nullam molestie nibh in lectus.",
  "to-name": "Cami Koomar",
  "to-email": "ckoomar1d@xing.com"
}, {
  "id": "661d7f3b-d068-4f0c-91e6-dff3076061e2",
  "from-name": "CSE186 Student",
  "from-email": "cse186-student@ucsc.edu",
  "subject": "Mamitas",
  "received": "2020-08-25T23:38:41Z",
  "content": "Morbi non lectus. Aliquam sit amet diam in magna bibendum imperdiet. Nullam orci pede, venenatis non, sodales sed, tincidunt eu, felis.\n\nFusce posuere felis sed lacus. Morbi sem mauris, laoreet ut, rhoncus aliquet, pulvinar sed, nisl. Nunc rhoncus dui vel sem.",
  "to-name": "Paige Blakeman",
  "to-email": "pblakeman1e@ed.gov"
}, {
  "id": "f1da22f0-0c4a-47b3-b19f-68ff37089a2b",
  "from-name": "CSE186 Student",
  "from-email": "cse186-student@ucsc.edu",
  "subject": "Crude",
  "received": "2020-08-07T04:57:56Z",
  "content": "Praesent id massa id nisl venenatis lacinia. Aenean sit amet justo. Morbi ut odio.\n\nCras mi pede, malesuada in, imperdiet et, commodo vulputate, justo. In blandit ultrices enim. Lorem ipsum dolor sit amet, consectetuer adipiscing elit.\n\nProin interdum mauris non ligula pellentesque ultrices. Phasellus id sapien in sapien iaculis congue. Vivamus metus arcu, adipiscing molestie, hendrerit at, vulputate vitae, nisl.\n\nAenean lectus. Pellentesque eget nunc. Donec quis orci eget orci vehicula condimentum.\n\nCurabitur in libero ut massa volutpat convallis. Morbi odio odio, elementum eu, interdum eu, tincidunt in, leo. Maecenas pulvinar lobortis est.",
  "to-name": "Mikaela Kinnane",
  "to-email": "mkinnane1f@cbc.ca"
}, {
  "id": "79515c03-9f52-4443-945c-02545d948e68",
  "from-name": "CSE186 Student",
  "from-email": "cse186-student@ucsc.edu",
  "subject": "Painted Veil, The",
  "received": "2019-02-06T08:37:08Z",
  "content": "Curabitur in libero ut massa volutpat convallis. Morbi odio odio, elementum eu, interdum eu, tincidunt in, leo. Maecenas pulvinar lobortis est.\n\nPhasellus sit amet erat. Nulla tempus. Vivamus in felis eu sapien cursus vestibulum.\n\nProin eu mi. Nulla ac enim. In tempor, turpis nec euismod scelerisque, quam turpis adipiscing lorem, vitae mattis nibh ligula nec sem.\n\nDuis aliquam convallis nunc. Proin at turpis a pede posuere nonummy. Integer non velit.",
  "to-name": "Paolo Delgua",
  "to-email": "pdelgua1g@forbes.com"
}, {
  "id": "c99a66ce-fdd8-4a5c-8edf-d7310ce7199f",
  "from-name": "CSE186 Student",
  "from-email": "cse186-student@ucsc.edu",
  "subject": "Two Men in Manhattan (Deux hommes dans Manhattan)",
  "received": "2020-09-06T20:27:47Z",
  "content": "Curabitur gravida nisi at nibh. In hac habitasse platea dictumst. Aliquam augue quam, sollicitudin vitae, consectetuer eget, rutrum at, lorem.\n\nInteger tincidunt ante vel ipsum. Praesent blandit lacinia erat. Vestibulum sed magna at nunc commodo placerat.\n\nPraesent blandit. Nam nulla. Integer pede justo, lacinia eget, tincidunt eget, tempus vel, pede.\n\nMorbi porttitor lorem id ligula. Suspendisse ornare consequat lectus. In est risus, auctor sed, tristique in, tempus sit amet, sem.",
  "to-name": "Pierre Rodman",
  "to-email": "prodman1h@google.it"
}, {
  "id": "2ce9406b-94b0-4e9c-ab23-e16b24480e1a",
  "from-name": "CSE186 Student",
  "from-email": "cse186-student@ucsc.edu",
  "subject": "Valiant",
  "received": "2019-07-06T09:01:32Z",
  "content": "In sagittis dui vel nisl. Duis ac nibh. Fusce lacus purus, aliquet at, feugiat non, pretium quis, lectus.\n\nSuspendisse potenti. In eleifend quam a odio. In hac habitasse platea dictumst.\n\nMaecenas ut massa quis augue luctus tincidunt. Nulla mollis molestie lorem. Quisque ut erat.\n\nCurabitur gravida nisi at nibh. In hac habitasse platea dictumst. Aliquam augue quam, sollicitudin vitae, consectetuer eget, rutrum at, lorem.\n\nInteger tincidunt ante vel ipsum. Praesent blandit lacinia erat. Vestibulum sed magna at nunc commodo placerat.",
  "to-name": "Fidela Dafter",
  "to-email": "fdafter1i@biblegateway.com"
}, {
  "id": "1da047d6-0bc2-45bc-b3e1-d31ac20878bc",
  "from-name": "CSE186 Student",
  "from-email": "cse186-student@ucsc.edu",
  "subject": "Call Me Savage",
  "received": "2019-11-15T18:34:49Z",
  "content": "Sed sagittis. Nam congue, risus semper porta volutpat, quam pede lobortis ligula, sit amet eleifend pede libero quis orci. Nullam molestie nibh in lectus.\n\nPellentesque at nulla. Suspendisse potenti. Cras in purus eu magna vulputate luctus.",
  "to-name": "Birdie Heindle",
  "to-email": "bheindle1j@google.com.au"
}, {
  "id": "dd35d9f4-fe5d-40d3-84c1-cb6e6eefaa94",
  "from-name": "CSE186 Student",
  "from-email": "cse186-student@ucsc.edu",
  "subject": "Killer of Sheep",
  "received": "2020-07-13T01:20:55Z",
  "content": "Curabitur in libero ut massa volutpat convallis. Morbi odio odio, elementum eu, interdum eu, tincidunt in, leo. Maecenas pulvinar lobortis est.\n\nPhasellus sit amet erat. Nulla tempus. Vivamus in felis eu sapien cursus vestibulum.\n\nProin eu mi. Nulla ac enim. In tempor, turpis nec euismod scelerisque, quam turpis adipiscing lorem, vitae mattis nibh ligula nec sem.\n\nDuis aliquam convallis nunc. Proin at turpis a pede posuere nonummy. Integer non velit.\n\nDonec diam neque, vestibulum eget, vulputate ut, ultrices vel, augue. Vestibulum ante ipsum primis in faucibus orci luctus et ultrices posuere cubilia Curae; Donec pharetra, magna vestibulum aliquet ultrices, erat tortor sollicitudin mi, sit amet lobortis sapien sapien non mi. Integer ac neque.",
  "to-name": "Bertrand Keel",
  "to-email": "bkeel1k@vimeo.com"
}, {
  "id": "6e38b108-d350-489c-8b2a-1b4f18152e71",
  "from-name": "CSE186 Student",
  "from-email": "cse186-student@ucsc.edu",
  "subject": "Forever Hardcore: The Documentary",
  "received": "2020-07-10T06:03:35Z",
  "content": "Proin interdum mauris non ligula pellentesque ultrices. Phasellus id sapien in sapien iaculis congue. Vivamus metus arcu, adipiscing molestie, hendrerit at, vulputate vitae, nisl.\n\nAenean lectus. Pellentesque eget nunc. Donec quis orci eget orci vehicula condimentum.",
  "to-name": "Raphael Dreinan",
  "to-email": "rdreinan1l@sina.com.cn"
}, {
  "id": "67cacade-9f2d-4763-89d8-9f4a670a445b",
  "from-name": "CSE186 Student",
  "from-email": "cse186-student@ucsc.edu",
  "subject": "Girl, The",
  "received": "2019-10-31T10:30:58Z",
  "content": "Pellentesque at nulla. Suspendisse potenti. Cras in purus eu magna vulputate luctus.\n\nCum sociis natoque penatibus et magnis dis parturient montes, nascetur ridiculus mus. Vivamus vestibulum sagittis sapien. Cum sociis natoque penatibus et magnis dis parturient montes, nascetur ridiculus mus.",
  "to-name": "Mellisa Maund",
  "to-email": "mmaund1m@unblog.fr"
}, {
  "id": "c6257563-e48b-470a-8936-38bd0a727cb4",
  "from-name": "CSE186 Student",
  "from-email": "cse186-student@ucsc.edu",
  "subject": "Avengers Confidential: Black Widow & Punisher",
  "received": "2020-03-20T01:12:37Z",
  "content": "Etiam vel augue. Vestibulum rutrum rutrum neque. Aenean auctor gravida sem.\n\nPraesent id massa id nisl venenatis lacinia. Aenean sit amet justo. Morbi ut odio.",
  "to-name": "Ike Hatry",
  "to-email": "ihatry1n@about.com"
}, {
  "id": "af4b3627-e3eb-4fc4-bdc3-a8cc4cc3a5d4",
  "from-name": "CSE186 Student",
  "from-email": "cse186-student@ucsc.edu",
  "subject": "Squall, The",
  "received": "2019-08-02T04:32:28Z",
  "content": "Maecenas tristique, est et tempus semper, est quam pharetra magna, ac consequat metus sapien ut nunc. Vestibulum ante ipsum primis in faucibus orci luctus et ultrices posuere cubilia Curae; Mauris viverra diam vitae quam. Suspendisse potenti.\n\nNullam porttitor lacus at turpis. Donec posuere metus vitae ipsum. Aliquam non mauris.",
  "to-name": "Brittney Longridge",
  "to-email": "blongridge1o@live.com"
}, {
  "id": "c80003ee-669e-4e9a-a93b-50a56a26cf18",
  "from-name": "CSE186 Student",
  "from-email": "cse186-student@ucsc.edu",
  "subject": "Spider Lilies (Ci qing)",
  "received": "2019-06-23T17:53:56Z",
  "content": "Vestibulum ac est lacinia nisi venenatis tristique. Fusce congue, diam id ornare imperdiet, sapien urna pretium nisl, ut volutpat sapien arcu sed augue. Aliquam erat volutpat.\n\nIn congue. Etiam justo. Etiam pretium iaculis justo.\n\nIn hac habitasse platea dictumst. Etiam faucibus cursus urna. Ut tellus.",
  "to-name": "Brooks Chidwick",
  "to-email": "bchidwick1p@wikispaces.com"
}, {
  "id": "eb384071-3e5d-4c3e-b40f-92923c83500a",
  "from-name": "CSE186 Student",
  "from-email": "cse186-student@ucsc.edu",
  "subject": "Fahrenheit 451",
  "received": "2019-07-09T13:23:47Z",
  "content": "Fusce consequat. Nulla nisl. Nunc nisl.\n\nDuis bibendum, felis sed interdum venenatis, turpis enim blandit mi, in porttitor pede justo eu massa. Donec dapibus. Duis at velit eu est congue elementum.",
  "to-name": "Killie Blumire",
  "to-email": "kblumire1q@java.com"
}, {
  "id": "5cd08216-d83a-4d30-ba16-547c693b9df8",
  "from-name": "CSE186 Student",
  "from-email": "cse186-student@ucsc.edu",
  "subject": "Vassilisa the Beautiful (Vasilisa prekrasnaya)",
  "received": "2020-07-26T11:09:26Z",
  "content": "Cras mi pede, malesuada in, imperdiet et, commodo vulputate, justo. In blandit ultrices enim. Lorem ipsum dolor sit amet, consectetuer adipiscing elit.\n\nProin interdum mauris non ligula pellentesque ultrices. Phasellus id sapien in sapien iaculis congue. Vivamus metus arcu, adipiscing molestie, hendrerit at, vulputate vitae, nisl.\n\nAenean lectus. Pellentesque eget nunc. Donec quis orci eget orci vehicula condimentum.\n\nCurabitur in libero ut massa volutpat convallis. Morbi odio odio, elementum eu, interdum eu, tincidunt in, leo. Maecenas pulvinar lobortis est.",
  "to-name": "Carlita Veillard",
  "to-email": "cveillard1r@sfgate.com"
}, {
  "id": "7a23fcaa-a8b4-41b7-8c92-32d4ee6ef538",
  "from-name": "CSE186 Student",
  "from-email": "cse186-student@ucsc.edu",
  "subject": "Bride Wore Black, The (La mariée était en noir)",
  "received": "2019-02-16T07:07:25Z",
  "content": "Cras mi pede, malesuada in, imperdiet et, commodo vulputate, justo. In blandit ultrices enim. Lorem ipsum dolor sit amet, consectetuer adipiscing elit.\n\nProin interdum mauris non ligula pellentesque ultrices. Phasellus id sapien in sapien iaculis congue. Vivamus metus arcu, adipiscing molestie, hendrerit at, vulputate vitae, nisl.\n\nAenean lectus. Pellentesque eget nunc. Donec quis orci eget orci vehicula condimentum.\n\nCurabitur in libero ut massa volutpat convallis. Morbi odio odio, elementum eu, interdum eu, tincidunt in, leo. Maecenas pulvinar lobortis est.",
  "to-name": "Krystalle Evemy",
  "to-email": "kevemy1s@ft.com"
}, {
  "id": "ceff3016-9839-42db-8c87-34f1171f12bf",
  "from-name": "CSE186 Student",
  "from-email": "cse186-student@ucsc.edu",
  "subject": "My Lady Margarine (Die Austernprinzessin) (Oyster Princess, The)",
  "received": "2020-09-22T19:24:26Z",
  "content": "Cras non velit nec nisi vulputate nonummy. Maecenas tincidunt lacus at velit. Vivamus vel nulla eget eros elementum pellentesque.\n\nQuisque porta volutpat erat. Quisque erat eros, viverra eget, congue eget, semper rutrum, nulla. Nunc purus.\n\nPhasellus in felis. Donec semper sapien a libero. Nam dui.",
  "to-name": "Cob Boorer",
  "to-email": "cboorer1t@qq.com"
}, {
  "id": "c99b27ad-4000-4e31-8984-b8a86b2b7a15",
  "from-name": "CSE186 Student",
  "from-email": "cse186-student@ucsc.edu",
  "subject": "Black Cadillac",
  "received": "2019-01-13T11:11:48Z",
  "content": "Mauris enim leo, rhoncus sed, vestibulum sit amet, cursus id, turpis. Integer aliquet, massa id lobortis convallis, tortor risus dapibus augue, vel accumsan tellus nisi eu orci. Mauris lacinia sapien quis libero.\n\nNullam sit amet turpis elementum ligula vehicula consequat. Morbi a ipsum. Integer a nibh.\n\nIn quis justo. Maecenas rhoncus aliquam lacus. Morbi quis tortor id nulla ultrices aliquet.",
  "to-name": "Brigitta Rive",
  "to-email": "brive1u@skype.com"
}, {
  "id": "61da1c37-2cdd-4efb-9297-ad0694f67a98",
  "from-name": "CSE186 Student",
  "from-email": "cse186-student@ucsc.edu",
  "subject": "Aks",
  "received": "2019-05-21T12:18:42Z",
  "content": "Phasellus in felis. Donec semper sapien a libero. Nam dui.\n\nProin leo odio, porttitor id, consequat in, consequat ut, nulla. Sed accumsan felis. Ut at dolor quis odio consequat varius.",
  "to-name": "Michaelina Cowoppe",
  "to-email": "mcowoppe1v@plala.or.jp"
}, {
  "id": "aafccc2a-00f6-4a3e-81b0-afca7a868e7b",
  "from-name": "CSE186 Student",
  "from-email": "cse186-student@ucsc.edu",
  "subject": "Far from Heaven",
  "received": "2020-07-21T20:03:56Z",
  "content": "Etiam vel augue. Vestibulum rutrum rutrum neque. Aenean auctor gravida sem.\n\nPraesent id massa id nisl venenatis lacinia. Aenean sit amet justo. Morbi ut odio.\n\nCras mi pede, malesuada in, imperdiet et, commodo vulputate, justo. In blandit ultrices enim. Lorem ipsum dolor sit amet, consectetuer adipiscing elit.\n\nProin interdum mauris non ligula pellentesque ultrices. Phasellus id sapien in sapien iaculis congue. Vivamus metus arcu, adipiscing molestie, hendrerit at, vulputate vitae, nisl.",
  "to-name": "Carlotta Friary",
  "to-email": "cfriary1w@twitter.com"
}, {
  "id": "1b3e4842-f7a2-47da-a23a-6521dfdad641",
  "from-name": "CSE186 Student",
  "from-email": "cse186-student@ucsc.edu",
  "subject": "Cat's Eye",
  "received": "2019-01-20T17:55:35Z",
  "content": "Mauris enim leo, rhoncus sed, vestibulum sit amet, cursus id, turpis. Integer aliquet, massa id lobortis convallis, tortor risus dapibus augue, vel accumsan tellus nisi eu orci. Mauris lacinia sapien quis libero.\n\nNullam sit amet turpis elementum ligula vehicula consequat. Morbi a ipsum. Integer a nibh.\n\nIn quis justo. Maecenas rhoncus aliquam lacus. Morbi quis tortor id nulla ultrices aliquet.\n\nMaecenas leo odio, condimentum id, luctus nec, molestie sed, justo. Pellentesque viverra pede ac diam. Cras pellentesque volutpat dui.",
  "to-name": "Logan Philpotts",
  "to-email": "lphilpotts1x@domainmarket.com"
}, {
  "id": "f8a44d23-ef2c-4097-9041-f7d0309b07f8",
  "from-name": "CSE186 Student",
  "from-email": "cse186-student@ucsc.edu",
  "subject": "Big Time Operators (Smallest Show on Earth, The)",
  "received": "2019-10-16T21:29:55Z",
  "content": "Sed sagittis. Nam congue, risus semper porta volutpat, quam pede lobortis ligula, sit amet eleifend pede libero quis orci. Nullam molestie nibh in lectus.\n\nPellentesque at nulla. Suspendisse potenti. Cras in purus eu magna vulputate luctus.",
  "to-name": "Elinor Sigars",
  "to-email": "esigars1y@seesaa.net"
}, {
  "id": "cd5e0215-e796-4384-916d-f1b4402afd07",
  "from-name": "CSE186 Student",
  "from-email": "cse186-student@ucsc.edu",
  "subject": "Fantastic Four: Rise of the Silver Surfer",
  "received": "2019-10-04T07:05:47Z",
  "content": "Quisque porta volutpat erat. Quisque erat eros, viverra eget, congue eget, semper rutrum, nulla. Nunc purus.\n\nPhasellus in felis. Donec semper sapien a libero. Nam dui.\n\nProin leo odio, porttitor id, consequat in, consequat ut, nulla. Sed accumsan felis. Ut at dolor quis odio consequat varius.",
  "to-name": "Tara Rendle",
  "to-email": "trendle1z@dyndns.org"
}, {
  "id": "5dae183a-61ee-40fb-ba61-9d1f31891155",
  "from-name": "CSE186 Student",
  "from-email": "cse186-student@ucsc.edu",
  "subject": "Che: Part Two",
  "received": "2019-09-02T08:03:12Z",
  "content": "In congue. Etiam justo. Etiam pretium iaculis justo.\n\nIn hac habitasse platea dictumst. Etiam faucibus cursus urna. Ut tellus.",
  "to-name": "Dani Boldt",
  "to-email": "dboldt20@telegraph.co.uk"
}, {
  "id": "0db7211e-e62d-480a-8ad7-f771585c7776",
  "from-name": "CSE186 Student",
  "from-email": "cse186-student@ucsc.edu",
  "subject": "Stella",
  "received": "2019-05-24T07:02:57Z",
  "content": "In hac habitasse platea dictumst. Etiam faucibus cursus urna. Ut tellus.\n\nNulla ut erat id mauris vulputate elementum. Nullam varius. Nulla facilisi.\n\nCras non velit nec nisi vulputate nonummy. Maecenas tincidunt lacus at velit. Vivamus vel nulla eget eros elementum pellentesque.",
  "to-name": "Malena Franca",
  "to-email": "mfranca21@hao123.com"
}, {
  "id": "ae5b01f1-5be5-4ec4-a56a-a8aacead7b58",
  "from-name": "CSE186 Student",
  "from-email": "cse186-student@ucsc.edu",
  "subject": "MR 73 (a.k.a. The Last Deadly Mission)",
  "received": "2020-09-20T17:39:28Z",
  "content": "Proin eu mi. Nulla ac enim. In tempor, turpis nec euismod scelerisque, quam turpis adipiscing lorem, vitae mattis nibh ligula nec sem.\n\nDuis aliquam convallis nunc. Proin at turpis a pede posuere nonummy. Integer non velit.\n\nDonec diam neque, vestibulum eget, vulputate ut, ultrices vel, augue. Vestibulum ante ipsum primis in faucibus orci luctus et ultrices posuere cubilia Curae; Donec pharetra, magna vestibulum aliquet ultrices, erat tortor sollicitudin mi, sit amet lobortis sapien sapien non mi. Integer ac neque.\n\nDuis bibendum. Morbi non quam nec dui luctus rutrum. Nulla tellus.",
  "to-name": "Angy Tuttle",
  "to-email": "atuttle22@cnn.com"
}, {
  "id": "3ff68f6d-458a-49a0-b67f-8f7a800a2516",
  "from-name": "CSE186 Student",
  "from-email": "cse186-student@ucsc.edu",
  "subject": "Unfinished Life, An",
  "received": "2019-03-12T12:02:38Z",
  "content": "Morbi non lectus. Aliquam sit amet diam in magna bibendum imperdiet. Nullam orci pede, venenatis non, sodales sed, tincidunt eu, felis.\n\nFusce posuere felis sed lacus. Morbi sem mauris, laoreet ut, rhoncus aliquet, pulvinar sed, nisl. Nunc rhoncus dui vel sem.\n\nSed sagittis. Nam congue, risus semper porta volutpat, quam pede lobortis ligula, sit amet eleifend pede libero quis orci. Nullam molestie nibh in lectus.",
  "to-name": "Tymothy Quaif",
  "to-email": "tquaif23@hatena.ne.jp"
}, {
  "id": "7f87d3d3-477b-42a7-8841-51b87a24baa6",
  "from-name": "CSE186 Student",
  "from-email": "cse186-student@ucsc.edu",
  "subject": "Words, The",
  "received": "2020-10-12T03:52:06Z",
  "content": "Quisque id justo sit amet sapien dignissim vestibulum. Vestibulum ante ipsum primis in faucibus orci luctus et ultrices posuere cubilia Curae; Nulla dapibus dolor vel est. Donec odio justo, sollicitudin ut, suscipit a, feugiat et, eros.\n\nVestibulum ac est lacinia nisi venenatis tristique. Fusce congue, diam id ornare imperdiet, sapien urna pretium nisl, ut volutpat sapien arcu sed augue. Aliquam erat volutpat.\n\nIn congue. Etiam justo. Etiam pretium iaculis justo.\n\nIn hac habitasse platea dictumst. Etiam faucibus cursus urna. Ut tellus.\n\nNulla ut erat id mauris vulputate elementum. Nullam varius. Nulla facilisi.",
  "to-name": "Nicolina Collen",
  "to-email": "ncollen24@npr.org"
}, {
  "id": "0ae6ad7f-8170-4e76-b673-e20d711e9d0f",
  "from-name": "CSE186 Student",
  "from-email": "cse186-student@ucsc.edu",
  "subject": "Year of the Jellyfish (L'année des méduses)",
  "received": "2020-03-19T23:15:35Z",
  "content": "Cum sociis natoque penatibus et magnis dis parturient montes, nascetur ridiculus mus. Vivamus vestibulum sagittis sapien. Cum sociis natoque penatibus et magnis dis parturient montes, nascetur ridiculus mus.\n\nEtiam vel augue. Vestibulum rutrum rutrum neque. Aenean auctor gravida sem.\n\nPraesent id massa id nisl venenatis lacinia. Aenean sit amet justo. Morbi ut odio.\n\nCras mi pede, malesuada in, imperdiet et, commodo vulputate, justo. In blandit ultrices enim. Lorem ipsum dolor sit amet, consectetuer adipiscing elit.\n\nProin interdum mauris non ligula pellentesque ultrices. Phasellus id sapien in sapien iaculis congue. Vivamus metus arcu, adipiscing molestie, hendrerit at, vulputate vitae, nisl.",
  "to-name": "Willyt Dodridge",
  "to-email": "wdodridge25@mayoclinic.com"
}, {
  "id": "5cf35118-28a2-4084-8553-60311ecc8e23",
  "from-name": "CSE186 Student",
  "from-email": "cse186-student@ucsc.edu",
  "subject": "Arabian Nights (Il fiore delle mille e una notte)",
  "received": "2019-02-01T02:23:47Z",
  "content": "In sagittis dui vel nisl. Duis ac nibh. Fusce lacus purus, aliquet at, feugiat non, pretium quis, lectus.\n\nSuspendisse potenti. In eleifend quam a odio. In hac habitasse platea dictumst.\n\nMaecenas ut massa quis augue luctus tincidunt. Nulla mollis molestie lorem. Quisque ut erat.\n\nCurabitur gravida nisi at nibh. In hac habitasse platea dictumst. Aliquam augue quam, sollicitudin vitae, consectetuer eget, rutrum at, lorem.",
  "to-name": "Jacques Blanket",
  "to-email": "jblanket26@pcworld.com"
}, {
  "id": "faed1349-51c0-4feb-916f-73c6b3b6e7a8",
  "from-name": "CSE186 Student",
  "from-email": "cse186-student@ucsc.edu",
  "subject": "Viva Riva!",
  "received": "2019-01-18T23:51:08Z",
  "content": "In hac habitasse platea dictumst. Etiam faucibus cursus urna. Ut tellus.\n\nNulla ut erat id mauris vulputate elementum. Nullam varius. Nulla facilisi.\n\nCras non velit nec nisi vulputate nonummy. Maecenas tincidunt lacus at velit. Vivamus vel nulla eget eros elementum pellentesque.\n\nQuisque porta volutpat erat. Quisque erat eros, viverra eget, congue eget, semper rutrum, nulla. Nunc purus.",
  "to-name": "Abbye Fenich",
  "to-email": "afenich27@i2i.jp"
}, {
  "id": "580f0a1c-9275-461a-a848-e5a115c476c5",
  "from-name": "CSE186 Student",
  "from-email": "cse186-student@ucsc.edu",
  "subject": "Snow Day",
  "received": "2019-08-20T09:46:53Z",
  "content": "In quis justo. Maecenas rhoncus aliquam lacus. Morbi quis tortor id nulla ultrices aliquet.\n\nMaecenas leo odio, condimentum id, luctus nec, molestie sed, justo. Pellentesque viverra pede ac diam. Cras pellentesque volutpat dui.\n\nMaecenas tristique, est et tempus semper, est quam pharetra magna, ac consequat metus sapien ut nunc. Vestibulum ante ipsum primis in faucibus orci luctus et ultrices posuere cubilia Curae; Mauris viverra diam vitae quam. Suspendisse potenti.",
  "to-name": "Quintilla Danilovich",
  "to-email": "qdanilovich28@mozilla.org"
}, {
  "id": "f242061a-c27b-4954-bc65-ce778ca61e45",
  "from-name": "CSE186 Student",
  "from-email": "cse186-student@ucsc.edu",
  "subject": "Camille Claudel",
  "received": "2019-09-03T13:02:10Z",
  "content": "Maecenas leo odio, condimentum id, luctus nec, molestie sed, justo. Pellentesque viverra pede ac diam. Cras pellentesque volutpat dui.\n\nMaecenas tristique, est et tempus semper, est quam pharetra magna, ac consequat metus sapien ut nunc. Vestibulum ante ipsum primis in faucibus orci luctus et ultrices posuere cubilia Curae; Mauris viverra diam vitae quam. Suspendisse potenti.\n\nNullam porttitor lacus at turpis. Donec posuere metus vitae ipsum. Aliquam non mauris.\n\nMorbi non lectus. Aliquam sit amet diam in magna bibendum imperdiet. Nullam orci pede, venenatis non, sodales sed, tincidunt eu, felis.",
  "to-name": "Eveline Aizikovitz",
  "to-email": "eaizikovitz29@github.io"
}, {
  "id": "bfd62ec2-2b63-4d31-9f19-f7ddd714f9cd",
  "from-name": "CSE186 Student",
  "from-email": "cse186-student@ucsc.edu",
  "subject": "Diary of a Country Priest (Journal d'un curé de campagne)",
  "received": "2019-05-14T01:31:45Z",
  "content": "Fusce consequat. Nulla nisl. Nunc nisl.\n\nDuis bibendum, felis sed interdum venenatis, turpis enim blandit mi, in porttitor pede justo eu massa. Donec dapibus. Duis at velit eu est congue elementum.\n\nIn hac habitasse platea dictumst. Morbi vestibulum, velit id pretium iaculis, diam erat fermentum justo, nec condimentum neque sapien placerat ante. Nulla justo.\n\nAliquam quis turpis eget elit sodales scelerisque. Mauris sit amet eros. Suspendisse accumsan tortor quis turpis.",
  "to-name": "Cherlyn Procter",
  "to-email": "cprocter2a@soundcloud.com"
}, {
  "id": "e14bc62f-d16b-454b-a525-469e647a6f73",
  "from-name": "CSE186 Student",
  "from-email": "cse186-student@ucsc.edu",
  "subject": "Defiance",
  "received": "2020-04-12T02:44:58Z",
  "content": "Curabitur in libero ut massa volutpat convallis. Morbi odio odio, elementum eu, interdum eu, tincidunt in, leo. Maecenas pulvinar lobortis est.\n\nPhasellus sit amet erat. Nulla tempus. Vivamus in felis eu sapien cursus vestibulum.\n\nProin eu mi. Nulla ac enim. In tempor, turpis nec euismod scelerisque, quam turpis adipiscing lorem, vitae mattis nibh ligula nec sem.\n\nDuis aliquam convallis nunc. Proin at turpis a pede posuere nonummy. Integer non velit.",
  "to-name": "Othilie Fibben",
  "to-email": "ofibben2b@bbb.org"
}, {
  "id": "707c841c-0c42-4733-9a71-06d6f7e17d30",
  "from-name": "CSE186 Student",
  "from-email": "cse186-student@ucsc.edu",
  "subject": "Paradise for Three",
  "received": "2020-09-18T13:29:41Z",
  "content": "Maecenas ut massa quis augue luctus tincidunt. Nulla mollis molestie lorem. Quisque ut erat.\n\nCurabitur gravida nisi at nibh. In hac habitasse platea dictumst. Aliquam augue quam, sollicitudin vitae, consectetuer eget, rutrum at, lorem.\n\nInteger tincidunt ante vel ipsum. Praesent blandit lacinia erat. Vestibulum sed magna at nunc commodo placerat.\n\nPraesent blandit. Nam nulla. Integer pede justo, lacinia eget, tincidunt eget, tempus vel, pede.\n\nMorbi porttitor lorem id ligula. Suspendisse ornare consequat lectus. In est risus, auctor sed, tristique in, tempus sit amet, sem.",
  "to-name": "Candice Hugonet",
  "to-email": "chugonet2c@fotki.com"
}, {
  "id": "126c9808-f312-4e98-ac39-17c815ce77aa",
  "from-name": "CSE186 Student",
  "from-email": "cse186-student@ucsc.edu",
  "subject": "Fly, The",
  "received": "2019-08-17T03:48:18Z",
  "content": "Vestibulum ac est lacinia nisi venenatis tristique. Fusce congue, diam id ornare imperdiet, sapien urna pretium nisl, ut volutpat sapien arcu sed augue. Aliquam erat volutpat.\n\nIn congue. Etiam justo. Etiam pretium iaculis justo.",
  "to-name": "Burtie Bownd",
  "to-email": "bbownd2d@si.edu"
}, {
  "id": "0e8b209e-56e3-45ed-81d4-153611bf0975",
  "from-name": "CSE186 Student",
  "from-email": "cse186-student@ucsc.edu",
  "subject": "Frankenfish",
  "received": "2020-10-08T06:55:15Z",
  "content": "Lorem ipsum dolor sit amet, consectetuer adipiscing elit. Proin risus. Praesent lectus.\n\nVestibulum quam sapien, varius ut, blandit non, interdum in, ante. Vestibulum ante ipsum primis in faucibus orci luctus et ultrices posuere cubilia Curae; Duis faucibus accumsan odio. Curabitur convallis.\n\nDuis consequat dui nec nisi volutpat eleifend. Donec ut dolor. Morbi vel lectus in quam fringilla rhoncus.\n\nMauris enim leo, rhoncus sed, vestibulum sit amet, cursus id, turpis. Integer aliquet, massa id lobortis convallis, tortor risus dapibus augue, vel accumsan tellus nisi eu orci. Mauris lacinia sapien quis libero.",
  "to-name": "Janie Alexis",
  "to-email": "jalexis2e@unblog.fr"
}, {
  "id": "d4fd8034-87b0-4ad0-b3ea-0c9df45c03e1",
  "from-name": "CSE186 Student",
  "from-email": "cse186-student@ucsc.edu",
  "subject": "Li'l Quinquin",
  "received": "2019-01-04T16:33:46Z",
  "content": "Aenean fermentum. Donec ut mauris eget massa tempor convallis. Nulla neque libero, convallis eget, eleifend luctus, ultricies eu, nibh.\n\nQuisque id justo sit amet sapien dignissim vestibulum. Vestibulum ante ipsum primis in faucibus orci luctus et ultrices posuere cubilia Curae; Nulla dapibus dolor vel est. Donec odio justo, sollicitudin ut, suscipit a, feugiat et, eros.",
  "to-name": "Ruthy Showt",
  "to-email": "rshowt2f@archive.org"
}, {
  "id": "43350453-4854-4998-8b54-f2b13096cf3f",
  "from-name": "CSE186 Student",
  "from-email": "cse186-student@ucsc.edu",
  "subject": "Jungle Creature: Hugo, The (Jungledyret) (Go Hugo Go)",
  "received": "2020-07-22T21:36:05Z",
  "content": "Morbi porttitor lorem id ligula. Suspendisse ornare consequat lectus. In est risus, auctor sed, tristique in, tempus sit amet, sem.\n\nFusce consequat. Nulla nisl. Nunc nisl.\n\nDuis bibendum, felis sed interdum venenatis, turpis enim blandit mi, in porttitor pede justo eu massa. Donec dapibus. Duis at velit eu est congue elementum.\n\nIn hac habitasse platea dictumst. Morbi vestibulum, velit id pretium iaculis, diam erat fermentum justo, nec condimentum neque sapien placerat ante. Nulla justo.",
  "to-name": "Douglass Janouch",
  "to-email": "djanouch2g@skyrock.com"
}, {
  "id": "6a4d9846-7d03-47e1-9cfb-f3ee9fe4baac",
  "from-name": "CSE186 Student",
  "from-email": "cse186-student@ucsc.edu",
  "subject": "Sune på bilsemester",
  "received": "2020-03-24T14:05:55Z",
  "content": "In hac habitasse platea dictumst. Morbi vestibulum, velit id pretium iaculis, diam erat fermentum justo, nec condimentum neque sapien placerat ante. Nulla justo.\n\nAliquam quis turpis eget elit sodales scelerisque. Mauris sit amet eros. Suspendisse accumsan tortor quis turpis.",
  "to-name": "Stuart Griffiths",
  "to-email": "sgriffiths2h@mediafire.com"
}, {
  "id": "6f31d0ed-871d-4df8-a561-1595b1bfc9c7",
  "from-name": "CSE186 Student",
  "from-email": "cse186-student@ucsc.edu",
  "subject": "Neverwhere",
  "received": "2020-09-03T15:16:21Z",
  "content": "Phasellus in felis. Donec semper sapien a libero. Nam dui.\n\nProin leo odio, porttitor id, consequat in, consequat ut, nulla. Sed accumsan felis. Ut at dolor quis odio consequat varius.\n\nInteger ac leo. Pellentesque ultrices mattis odio. Donec vitae nisi.\n\nNam ultrices, libero non mattis pulvinar, nulla pede ullamcorper augue, a suscipit nulla elit ac nulla. Sed vel enim sit amet nunc viverra dapibus. Nulla suscipit ligula in lacus.\n\nCurabitur at ipsum ac tellus semper interdum. Mauris ullamcorper purus sit amet nulla. Quisque arcu libero, rutrum ac, lobortis vel, dapibus at, diam.",
  "to-name": "Ivette Elix",
  "to-email": "ielix2i@arstechnica.com"
}, {
  "id": "2b0cdfd4-acdb-4827-9e28-04c095846474",
  "from-name": "CSE186 Student",
  "from-email": "cse186-student@ucsc.edu",
  "subject": "Bossa Nova",
  "received": "2020-03-19T21:30:22Z",
  "content": "In quis justo. Maecenas rhoncus aliquam lacus. Morbi quis tortor id nulla ultrices aliquet.\n\nMaecenas leo odio, condimentum id, luctus nec, molestie sed, justo. Pellentesque viverra pede ac diam. Cras pellentesque volutpat dui.\n\nMaecenas tristique, est et tempus semper, est quam pharetra magna, ac consequat metus sapien ut nunc. Vestibulum ante ipsum primis in faucibus orci luctus et ultrices posuere cubilia Curae; Mauris viverra diam vitae quam. Suspendisse potenti.\n\nNullam porttitor lacus at turpis. Donec posuere metus vitae ipsum. Aliquam non mauris.",
  "to-name": "Nicky Sarvar",
  "to-email": "nsarvar2j@yelp.com"
}, {
  "id": "acb7de1d-1260-4f1c-a400-2bc1a6636f88",
  "from-name": "CSE186 Student",
  "from-email": "cse186-student@ucsc.edu",
  "subject": "Wonderful World of the Brothers Grimm, The",
  "received": "2020-09-30T11:33:55Z",
  "content": "Cum sociis natoque penatibus et magnis dis parturient montes, nascetur ridiculus mus. Vivamus vestibulum sagittis sapien. Cum sociis natoque penatibus et magnis dis parturient montes, nascetur ridiculus mus.\n\nEtiam vel augue. Vestibulum rutrum rutrum neque. Aenean auctor gravida sem.",
  "to-name": "Allard Sunnucks",
  "to-email": "asunnucks2k@disqus.com"
}, {
  "id": "3e8492bb-989b-4a16-adc8-ed55a519e219",
  "from-name": "CSE186 Student",
  "from-email": "cse186-student@ucsc.edu",
  "subject": "Rent",
  "received": "2019-11-24T12:13:36Z",
  "content": "Phasellus sit amet erat. Nulla tempus. Vivamus in felis eu sapien cursus vestibulum.\n\nProin eu mi. Nulla ac enim. In tempor, turpis nec euismod scelerisque, quam turpis adipiscing lorem, vitae mattis nibh ligula nec sem.",
  "to-name": "Raffaello Paulsen",
  "to-email": "rpaulsen2l@toplist.cz"
}, {
  "id": "69153275-9fad-4001-b5c5-dce6d7dbf358",
  "from-name": "CSE186 Student",
  "from-email": "cse186-student@ucsc.edu",
  "subject": "Ghostbusters (a.k.a. Ghost Busters)",
  "received": "2019-04-27T23:20:08Z",
  "content": "Phasellus in felis. Donec semper sapien a libero. Nam dui.\n\nProin leo odio, porttitor id, consequat in, consequat ut, nulla. Sed accumsan felis. Ut at dolor quis odio consequat varius.\n\nInteger ac leo. Pellentesque ultrices mattis odio. Donec vitae nisi.",
  "to-name": "Aurel Tofts",
  "to-email": "atofts2m@sbwire.com"
}, {
  "id": "e5c85e86-15c1-4226-b80f-ebeb72cca836",
  "from-name": "CSE186 Student",
  "from-email": "cse186-student@ucsc.edu",
  "subject": "Calculator",
  "received": "2019-04-02T06:09:51Z",
  "content": "In congue. Etiam justo. Etiam pretium iaculis justo.\n\nIn hac habitasse platea dictumst. Etiam faucibus cursus urna. Ut tellus.",
  "to-name": "Marv Yarnton",
  "to-email": "myarnton2n@wired.com"
}, {
  "id": "2171adc8-31ea-43f9-9499-923cedc8385a",
  "from-name": "CSE186 Student",
  "from-email": "cse186-student@ucsc.edu",
  "subject": "When Time Ran Out... (Day the World Ended, The)",
  "received": "2020-08-26T13:05:22Z",
  "content": "Donec diam neque, vestibulum eget, vulputate ut, ultrices vel, augue. Vestibulum ante ipsum primis in faucibus orci luctus et ultrices posuere cubilia Curae; Donec pharetra, magna vestibulum aliquet ultrices, erat tortor sollicitudin mi, sit amet lobortis sapien sapien non mi. Integer ac neque.\n\nDuis bibendum. Morbi non quam nec dui luctus rutrum. Nulla tellus.",
  "to-name": "Deborah Hynam",
  "to-email": "dhynam2o@abc.net.au"
}, {
  "id": "3b21d169-0ab5-4b42-8681-4909551f0a95",
  "from-name": "CSE186 Student",
  "from-email": "cse186-student@ucsc.edu",
  "subject": "Last Picture Show, The",
  "received": "2020-08-14T08:26:09Z",
  "content": "In hac habitasse platea dictumst. Morbi vestibulum, velit id pretium iaculis, diam erat fermentum justo, nec condimentum neque sapien placerat ante. Nulla justo.\n\nAliquam quis turpis eget elit sodales scelerisque. Mauris sit amet eros. Suspendisse accumsan tortor quis turpis.\n\nSed ante. Vivamus tortor. Duis mattis egestas metus.",
  "to-name": "Nichols Boodle",
  "to-email": "nboodle2p@shinystat.com"
}, {
  "id": "90e4cdbc-2c65-4510-abe6-a4c23671153e",
  "from-name": "CSE186 Student",
  "from-email": "cse186-student@ucsc.edu",
  "subject": "About Schmidt",
  "received": "2019-10-09T08:20:03Z",
  "content": "Nullam sit amet turpis elementum ligula vehicula consequat. Morbi a ipsum. Integer a nibh.\n\nIn quis justo. Maecenas rhoncus aliquam lacus. Morbi quis tortor id nulla ultrices aliquet.\n\nMaecenas leo odio, condimentum id, luctus nec, molestie sed, justo. Pellentesque viverra pede ac diam. Cras pellentesque volutpat dui.\n\nMaecenas tristique, est et tempus semper, est quam pharetra magna, ac consequat metus sapien ut nunc. Vestibulum ante ipsum primis in faucibus orci luctus et ultrices posuere cubilia Curae; Mauris viverra diam vitae quam. Suspendisse potenti.\n\nNullam porttitor lacus at turpis. Donec posuere metus vitae ipsum. Aliquam non mauris.",
  "to-name": "Leslie Corriea",
  "to-email": "lcorriea2q@stumbleupon.com"
}, {
  "id": "2f5ed215-dfb4-4db8-8e84-85cc59d92433",
  "from-name": "CSE186 Student",
  "from-email": "cse186-student@ucsc.edu",
  "subject": "Young Lieutenant, The (Le petit lieutenant)",
  "received": "2020-08-04T15:15:52Z",
  "content": "Aenean lectus. Pellentesque eget nunc. Donec quis orci eget orci vehicula condimentum.\n\nCurabitur in libero ut massa volutpat convallis. Morbi odio odio, elementum eu, interdum eu, tincidunt in, leo. Maecenas pulvinar lobortis est.",
  "to-name": "Rodie Bursnell",
  "to-email": "rbursnell2r@scribd.com"
}]