[{
  "id": "eedc0231-49e2-488c-98f6-57c9588da7dc",
  "to-name": "CSE186 Student",
  "to-email": "cse186-student@ucsc.edu",
  "subject": "Rafa",
  "received": "2020-02-28T16:27:29Z",
  "content": "Sed ante. Vivamus tortor. Duis mattis egestas metus.\n\nAenean fermentum. Donec ut mauris eget massa tempor convallis. Nulla neque libero, convallis eget, eleifend luctus, ultricies eu, nibh.\n\nQuisque id justo sit amet sapien dignissim vestibulum. Vestibulum ante ipsum primis in faucibus orci luctus et ultrices posuere cubilia Curae; Nulla dapibus dolor vel est. Donec odio justo, sollicitudin ut, suscipit a, feugiat et, eros.\n\nVestibulum ac est lacinia nisi venenatis tristique. Fusce congue, diam id ornare imperdiet, sapien urna pretium nisl, ut volutpat sapien arcu sed augue. Aliquam erat volutpat.",
  "from-name": "Timoteo Kerbey",
  "from-email": "tkerbey0@psu.edu"
}, {
  "id": "2fd9f308-31b5-4306-b02c-78609050ac04",
  "to-name": "CSE186 Student",
  "to-email": "cse186-student@ucsc.edu",
  "subject": "Midnight Madness",
  "received": "2019-01-03T11:54:48Z",
  "content": "In congue. Etiam justo. Etiam pretium iaculis justo.\n\nIn hac habitasse platea dictumst. Etiam faucibus cursus urna. Ut tellus.",
  "from-name": "Ida Favelle",
  "from-email": "ifavelle1@nature.com"
}, {
  "id": "ed5776e6-fac2-411e-9bea-e16063ab4408",
  "to-name": "CSE186 Student",
  "to-email": "cse186-student@ucsc.edu",
  "subject": "Cold Comfort Farm",
  "received": "2019-05-24T11:42:06Z",
  "content": "In congue. Etiam justo. Etiam pretium iaculis justo.\n\nIn hac habitasse platea dictumst. Etiam faucibus cursus urna. Ut tellus.",
  "from-name": "Inglebert Pate",
  "from-email": "ipate2@yahoo.com"
}, {
  "id": "0a464665-d652-4bc2-8e5f-447f0e96b761",
  "to-name": "CSE186 Student",
  "to-email": "cse186-student@ucsc.edu",
  "subject": "Silver Bullet (Stephen King's Silver Bullet)",
  "received": "2020-08-18T19:38:59Z",
  "content": "Morbi non lectus. Aliquam sit amet diam in magna bibendum imperdiet. Nullam orci pede, venenatis non, sodales sed, tincidunt eu, felis.\n\nFusce posuere felis sed lacus. Morbi sem mauris, laoreet ut, rhoncus aliquet, pulvinar sed, nisl. Nunc rhoncus dui vel sem.",
  "from-name": "Deane Bonhill",
  "from-email": "dbonhill3@nytimes.com"
}, {
  "id": "bb2e9d5b-69a4-47be-97d0-689b88caa3e2",
  "to-name": "CSE186 Student",
  "to-email": "cse186-student@ucsc.edu",
  "subject": "Grand Day Out with Wallace and Gromit, A",
  "received": "2019-06-07T19:42:30Z",
  "content": "Sed ante. Vivamus tortor. Duis mattis egestas metus.\n\nAenean fermentum. Donec ut mauris eget massa tempor convallis. Nulla neque libero, convallis eget, eleifend luctus, ultricies eu, nibh.\n\nQuisque id justo sit amet sapien dignissim vestibulum. Vestibulum ante ipsum primis in faucibus orci luctus et ultrices posuere cubilia Curae; Nulla dapibus dolor vel est. Donec odio justo, sollicitudin ut, suscipit a, feugiat et, eros.\n\nVestibulum ac est lacinia nisi venenatis tristique. Fusce congue, diam id ornare imperdiet, sapien urna pretium nisl, ut volutpat sapien arcu sed augue. Aliquam erat volutpat.\n\nIn congue. Etiam justo. Etiam pretium iaculis justo.",
  "from-name": "Faythe Cleiment",
  "from-email": "fcleiment4@aol.com"
}, {
  "id": "cd140803-8aa9-41ab-b021-6de9e8e6f676",
  "to-name": "CSE186 Student",
  "to-email": "cse186-student@ucsc.edu",
  "subject": "Dances With the Dragons ( Yu long gong wu)",
  "received": "2019-06-06T08:31:46Z",
  "content": "Donec diam neque, vestibulum eget, vulputate ut, ultrices vel, augue. Vestibulum ante ipsum primis in faucibus orci luctus et ultrices posuere cubilia Curae; Donec pharetra, magna vestibulum aliquet ultrices, erat tortor sollicitudin mi, sit amet lobortis sapien sapien non mi. Integer ac neque.\n\nDuis bibendum. Morbi non quam nec dui luctus rutrum. Nulla tellus.\n\nIn sagittis dui vel nisl. Duis ac nibh. Fusce lacus purus, aliquet at, feugiat non, pretium quis, lectus.\n\nSuspendisse potenti. In eleifend quam a odio. In hac habitasse platea dictumst.\n\nMaecenas ut massa quis augue luctus tincidunt. Nulla mollis molestie lorem. Quisque ut erat.",
  "from-name": "Sharline Olivazzi",
  "from-email": "solivazzi5@arizona.edu"
}, {
  "id": "80cd6dd5-e72a-4540-83a2-af83142a1a10",
  "to-name": "CSE186 Student",
  "to-email": "cse186-student@ucsc.edu",
  "subject": "Lupin the 3rd",
  "received": "2019-06-03T00:47:49Z",
  "content": "Maecenas tristique, est et tempus semper, est quam pharetra magna, ac consequat metus sapien ut nunc. Vestibulum ante ipsum primis in faucibus orci luctus et ultrices posuere cubilia Curae; Mauris viverra diam vitae quam. Suspendisse potenti.\n\nNullam porttitor lacus at turpis. Donec posuere metus vitae ipsum. Aliquam non mauris.\n\nMorbi non lectus. Aliquam sit amet diam in magna bibendum imperdiet. Nullam orci pede, venenatis non, sodales sed, tincidunt eu, felis.",
  "from-name": "Elnore McGuigan",
  "from-email": "emcguigan6@sciencedirect.com"
}, {
  "id": "79d40d95-9119-4688-8603-690f3e9b62f2",
  "to-name": "CSE186 Student",
  "to-email": "cse186-student@ucsc.edu",
  "subject": "Tremors 3: Back to Perfection",
  "received": "2020-09-09T17:53:55Z",
  "content": "Integer tincidunt ante vel ipsum. Praesent blandit lacinia erat. Vestibulum sed magna at nunc commodo placerat.\n\nPraesent blandit. Nam nulla. Integer pede justo, lacinia eget, tincidunt eget, tempus vel, pede.\n\nMorbi porttitor lorem id ligula. Suspendisse ornare consequat lectus. In est risus, auctor sed, tristique in, tempus sit amet, sem.\n\nFusce consequat. Nulla nisl. Nunc nisl.",
  "from-name": "Llewellyn Bollands",
  "from-email": "lbollands7@bandcamp.com"
}, {
  "id": "8d0c3f18-adc9-41ce-8853-82518d1e18c7",
  "to-name": "CSE186 Student",
  "to-email": "cse186-student@ucsc.edu",
  "subject": "Trash",
  "received": "2019-03-01T06:55:18Z",
  "content": "Morbi non lectus. Aliquam sit amet diam in magna bibendum imperdiet. Nullam orci pede, venenatis non, sodales sed, tincidunt eu, felis.\n\nFusce posuere felis sed lacus. Morbi sem mauris, laoreet ut, rhoncus aliquet, pulvinar sed, nisl. Nunc rhoncus dui vel sem.",
  "from-name": "Liane Macci",
  "from-email": "lmacci8@samsung.com"
}, {
  "id": "50fc734b-d3ea-4912-96df-c9638c35e768",
  "to-name": "CSE186 Student",
  "to-email": "cse186-student@ucsc.edu",
  "subject": "Big Sur",
  "received": "2019-11-01T16:19:09Z",
  "content": "Cras mi pede, malesuada in, imperdiet et, commodo vulputate, justo. In blandit ultrices enim. Lorem ipsum dolor sit amet, consectetuer adipiscing elit.\n\nProin interdum mauris non ligula pellentesque ultrices. Phasellus id sapien in sapien iaculis congue. Vivamus metus arcu, adipiscing molestie, hendrerit at, vulputate vitae, nisl.\n\nAenean lectus. Pellentesque eget nunc. Donec quis orci eget orci vehicula condimentum.",
  "from-name": "Lyndell Lamblot",
  "from-email": "llamblot9@newsvine.com"
}, {
  "id": "00e6adfc-4958-4ee8-825f-697ae1654dd9",
  "to-name": "CSE186 Student",
  "to-email": "cse186-student@ucsc.edu",
  "subject": "Rambling Rose",
  "received": "2020-05-06T12:39:30Z",
  "content": "Proin interdum mauris non ligula pellentesque ultrices. Phasellus id sapien in sapien iaculis congue. Vivamus metus arcu, adipiscing molestie, hendrerit at, vulputate vitae, nisl.\n\nAenean lectus. Pellentesque eget nunc. Donec quis orci eget orci vehicula condimentum.\n\nCurabitur in libero ut massa volutpat convallis. Morbi odio odio, elementum eu, interdum eu, tincidunt in, leo. Maecenas pulvinar lobortis est.",
  "from-name": "Sharon Alldridge",
  "from-email": "salldridgea@rambler.ru"
}, {
  "id": "0b081969-06fb-45d4-b7ee-4b09345649fd",
  "to-name": "CSE186 Student",
  "to-email": "cse186-student@ucsc.edu",
  "subject": "Willard",
  "received": "2019-08-03T03:43:35Z",
  "content": "Sed ante. Vivamus tortor. Duis mattis egestas metus.\n\nAenean fermentum. Donec ut mauris eget massa tempor convallis. Nulla neque libero, convallis eget, eleifend luctus, ultricies eu, nibh.",
  "from-name": "Sean Kinforth",
  "from-email": "skinforthb@bloomberg.com"
}, {
  "id": "b8b387b2-f5ec-4641-bfe6-929249aa3b2a",
  "to-name": "CSE186 Student",
  "to-email": "cse186-student@ucsc.edu",
  "subject": "Castle of Purity (El castillo de la pureza)",
  "received": "2020-02-27T05:59:32Z",
  "content": "Cras non velit nec nisi vulputate nonummy. Maecenas tincidunt lacus at velit. Vivamus vel nulla eget eros elementum pellentesque.\n\nQuisque porta volutpat erat. Quisque erat eros, viverra eget, congue eget, semper rutrum, nulla. Nunc purus.\n\nPhasellus in felis. Donec semper sapien a libero. Nam dui.\n\nProin leo odio, porttitor id, consequat in, consequat ut, nulla. Sed accumsan felis. Ut at dolor quis odio consequat varius.\n\nInteger ac leo. Pellentesque ultrices mattis odio. Donec vitae nisi.",
  "from-name": "Vonny Fanstone",
  "from-email": "vfanstonec@economist.com"
}, {
  "id": "2c601be5-e7dd-441b-89cf-69d4e5fa381c",
  "to-name": "CSE186 Student",
  "to-email": "cse186-student@ucsc.edu",
  "subject": "Gaucho, The",
  "received": "2019-09-01T00:15:05Z",
  "content": "Phasellus in felis. Donec semper sapien a libero. Nam dui.\n\nProin leo odio, porttitor id, consequat in, consequat ut, nulla. Sed accumsan felis. Ut at dolor quis odio consequat varius.\n\nInteger ac leo. Pellentesque ultrices mattis odio. Donec vitae nisi.\n\nNam ultrices, libero non mattis pulvinar, nulla pede ullamcorper augue, a suscipit nulla elit ac nulla. Sed vel enim sit amet nunc viverra dapibus. Nulla suscipit ligula in lacus.",
  "from-name": "Germaine McCullock",
  "from-email": "gmccullockd@bizjournals.com"
}, {
  "id": "35249434-1510-4108-9a2e-13e83f3f592d",
  "to-name": "CSE186 Student",
  "to-email": "cse186-student@ucsc.edu",
  "subject": "Late Chrysanthemums (Bangiku)",
  "received": "2020-09-20T06:52:28Z",
  "content": "In sagittis dui vel nisl. Duis ac nibh. Fusce lacus purus, aliquet at, feugiat non, pretium quis, lectus.\n\nSuspendisse potenti. In eleifend quam a odio. In hac habitasse platea dictumst.\n\nMaecenas ut massa quis augue luctus tincidunt. Nulla mollis molestie lorem. Quisque ut erat.\n\nCurabitur gravida nisi at nibh. In hac habitasse platea dictumst. Aliquam augue quam, sollicitudin vitae, consectetuer eget, rutrum at, lorem.\n\nInteger tincidunt ante vel ipsum. Praesent blandit lacinia erat. Vestibulum sed magna at nunc commodo placerat.",
  "from-name": "Leena Marti",
  "from-email": "lmartie@boston.com"
}, {
  "id": "33a77126-238b-4672-845b-d463cc0c2a32",
  "to-name": "CSE186 Student",
  "to-email": "cse186-student@ucsc.edu",
  "subject": "Heavy Petting",
  "received": "2020-05-22T20:52:06Z",
  "content": "In hac habitasse platea dictumst. Etiam faucibus cursus urna. Ut tellus.\n\nNulla ut erat id mauris vulputate elementum. Nullam varius. Nulla facilisi.\n\nCras non velit nec nisi vulputate nonummy. Maecenas tincidunt lacus at velit. Vivamus vel nulla eget eros elementum pellentesque.\n\nQuisque porta volutpat erat. Quisque erat eros, viverra eget, congue eget, semper rutrum, nulla. Nunc purus.",
  "from-name": "Carlo Sangwin",
  "from-email": "csangwinf@yahoo.co.jp"
}, {
  "id": "5d96f8ec-5726-40b7-9c0d-734a08efc4e8",
  "to-name": "CSE186 Student",
  "to-email": "cse186-student@ucsc.edu",
  "subject": "Flashpoint",
  "received": "2020-04-19T14:46:17Z",
  "content": "Lorem ipsum dolor sit amet, consectetuer adipiscing elit. Proin risus. Praesent lectus.\n\nVestibulum quam sapien, varius ut, blandit non, interdum in, ante. Vestibulum ante ipsum primis in faucibus orci luctus et ultrices posuere cubilia Curae; Duis faucibus accumsan odio. Curabitur convallis.\n\nDuis consequat dui nec nisi volutpat eleifend. Donec ut dolor. Morbi vel lectus in quam fringilla rhoncus.",
  "from-name": "Dickie Huskinson",
  "from-email": "dhuskinsong@ihg.com"
}, {
  "id": "311e3c29-9ba5-4477-a2c5-68a89641884e",
  "to-name": "CSE186 Student",
  "to-email": "cse186-student@ucsc.edu",
  "subject": "The Punisher: Dirty Laundry",
  "received": "2020-09-11T21:56:58Z",
  "content": "Lorem ipsum dolor sit amet, consectetuer adipiscing elit. Proin risus. Praesent lectus.\n\nVestibulum quam sapien, varius ut, blandit non, interdum in, ante. Vestibulum ante ipsum primis in faucibus orci luctus et ultrices posuere cubilia Curae; Duis faucibus accumsan odio. Curabitur convallis.",
  "from-name": "Cesare Liggett",
  "from-email": "cliggetth@jigsy.com"
}, {
  "id": "4531f802-5c3e-49bc-ad1a-9732f110a3ea",
  "to-name": "CSE186 Student",
  "to-email": "cse186-student@ucsc.edu",
  "subject": "Leningrad Cowboys Go America",
  "received": "2019-07-10T08:46:25Z",
  "content": "Duis consequat dui nec nisi volutpat eleifend. Donec ut dolor. Morbi vel lectus in quam fringilla rhoncus.\n\nMauris enim leo, rhoncus sed, vestibulum sit amet, cursus id, turpis. Integer aliquet, massa id lobortis convallis, tortor risus dapibus augue, vel accumsan tellus nisi eu orci. Mauris lacinia sapien quis libero.\n\nNullam sit amet turpis elementum ligula vehicula consequat. Morbi a ipsum. Integer a nibh.",
  "from-name": "Nissa Vertey",
  "from-email": "nverteyi@si.edu"
}, {
  "id": "9274ec42-2556-4b45-ad34-5d94133b0b81",
  "to-name": "CSE186 Student",
  "to-email": "cse186-student@ucsc.edu",
  "subject": "Night Catches Us",
  "received": "2020-08-31T22:52:10Z",
  "content": "Etiam vel augue. Vestibulum rutrum rutrum neque. Aenean auctor gravida sem.\n\nPraesent id massa id nisl venenatis lacinia. Aenean sit amet justo. Morbi ut odio.",
  "from-name": "Lief Unsworth",
  "from-email": "lunsworthj@t.co"
}, {
  "id": "a7ea0b80-b008-4e0d-9dbc-5dd1ad95a030",
  "to-name": "CSE186 Student",
  "to-email": "cse186-student@ucsc.edu",
  "subject": "Isle, The (Seom)",
  "received": "2019-01-01T13:10:10Z",
  "content": "Sed ante. Vivamus tortor. Duis mattis egestas metus.\n\nAenean fermentum. Donec ut mauris eget massa tempor convallis. Nulla neque libero, convallis eget, eleifend luctus, ultricies eu, nibh.",
  "from-name": "Zoe Lukas",
  "from-email": "zlukask@icio.us"
}, {
  "id": "b72ed1ce-5942-4ec0-bb80-02fc24dd65d6",
  "to-name": "CSE186 Student",
  "to-email": "cse186-student@ucsc.edu",
  "subject": "Deuces Wild",
  "received": "2020-04-18T06:31:44Z",
  "content": "Nullam porttitor lacus at turpis. Donec posuere metus vitae ipsum. Aliquam non mauris.\n\nMorbi non lectus. Aliquam sit amet diam in magna bibendum imperdiet. Nullam orci pede, venenatis non, sodales sed, tincidunt eu, felis.\n\nFusce posuere felis sed lacus. Morbi sem mauris, laoreet ut, rhoncus aliquet, pulvinar sed, nisl. Nunc rhoncus dui vel sem.",
  "from-name": "Niven Kuzemka",
  "from-email": "nkuzemkal@bigcartel.com"
}, {
  "id": "2b7a6420-2902-481c-9f8f-4ef72007de49",
  "to-name": "CSE186 Student",
  "to-email": "cse186-student@ucsc.edu",
  "subject": "Thrill of Brazil, The",
  "received": "2020-07-26T03:44:20Z",
  "content": "Curabitur gravida nisi at nibh. In hac habitasse platea dictumst. Aliquam augue quam, sollicitudin vitae, consectetuer eget, rutrum at, lorem.\n\nInteger tincidunt ante vel ipsum. Praesent blandit lacinia erat. Vestibulum sed magna at nunc commodo placerat.\n\nPraesent blandit. Nam nulla. Integer pede justo, lacinia eget, tincidunt eget, tempus vel, pede.\n\nMorbi porttitor lorem id ligula. Suspendisse ornare consequat lectus. In est risus, auctor sed, tristique in, tempus sit amet, sem.\n\nFusce consequat. Nulla nisl. Nunc nisl.",
  "from-name": "Gunner Sailes",
  "from-email": "gsailesm@spotify.com"
}, {
  "id": "d5afcf54-6110-4a86-ac9a-d5f6095fb0c5",
  "to-name": "CSE186 Student",
  "to-email": "cse186-student@ucsc.edu",
  "subject": "New York in the 50's",
  "received": "2020-03-23T14:39:03Z",
  "content": "In congue. Etiam justo. Etiam pretium iaculis justo.\n\nIn hac habitasse platea dictumst. Etiam faucibus cursus urna. Ut tellus.",
  "from-name": "Leo Ekins",
  "from-email": "lekinsn@webeden.co.uk"
}, {
  "id": "a8805475-32c3-4dff-b969-8ba77182eb8c",
  "to-name": "CSE186 Student",
  "to-email": "cse186-student@ucsc.edu",
  "subject": "Kull the Conqueror",
  "received": "2019-06-23T00:29:51Z",
  "content": "Cras non velit nec nisi vulputate nonummy. Maecenas tincidunt lacus at velit. Vivamus vel nulla eget eros elementum pellentesque.\n\nQuisque porta volutpat erat. Quisque erat eros, viverra eget, congue eget, semper rutrum, nulla. Nunc purus.\n\nPhasellus in felis. Donec semper sapien a libero. Nam dui.\n\nProin leo odio, porttitor id, consequat in, consequat ut, nulla. Sed accumsan felis. Ut at dolor quis odio consequat varius.\n\nInteger ac leo. Pellentesque ultrices mattis odio. Donec vitae nisi.",
  "from-name": "Debbi Platt",
  "from-email": "dplatto@t.co"
}, {
  "id": "2aedd4f1-c41a-43e7-9d27-b1d5f403e3b5",
  "to-name": "CSE186 Student",
  "to-email": "cse186-student@ucsc.edu",
  "subject": "Street Fighter",
  "received": "2020-03-06T02:58:20Z",
  "content": "In sagittis dui vel nisl. Duis ac nibh. Fusce lacus purus, aliquet at, feugiat non, pretium quis, lectus.\n\nSuspendisse potenti. In eleifend quam a odio. In hac habitasse platea dictumst.",
  "from-name": "Lou Stilling",
  "from-email": "lstillingp@plala.or.jp"
}, {
  "id": "cd593020-24d3-48d3-a323-de9c904b0f85",
  "to-name": "CSE186 Student",
  "to-email": "cse186-student@ucsc.edu",
  "subject": "Hollywood Homicide",
  "received": "2019-09-28T01:10:33Z",
  "content": "Duis bibendum. Morbi non quam nec dui luctus rutrum. Nulla tellus.\n\nIn sagittis dui vel nisl. Duis ac nibh. Fusce lacus purus, aliquet at, feugiat non, pretium quis, lectus.\n\nSuspendisse potenti. In eleifend quam a odio. In hac habitasse platea dictumst.\n\nMaecenas ut massa quis augue luctus tincidunt. Nulla mollis molestie lorem. Quisque ut erat.\n\nCurabitur gravida nisi at nibh. In hac habitasse platea dictumst. Aliquam augue quam, sollicitudin vitae, consectetuer eget, rutrum at, lorem.",
  "from-name": "Dyan Wearne",
  "from-email": "dwearneq@salon.com"
}, {
  "id": "614567bf-c5ea-44ff-9c07-0007b4a393f1",
  "to-name": "CSE186 Student",
  "to-email": "cse186-student@ucsc.edu",
  "subject": "Four Days in September (O Que É Isso, Companheiro?)",
  "received": "2020-09-01T10:44:48Z",
  "content": "Quisque id justo sit amet sapien dignissim vestibulum. Vestibulum ante ipsum primis in faucibus orci luctus et ultrices posuere cubilia Curae; Nulla dapibus dolor vel est. Donec odio justo, sollicitudin ut, suscipit a, feugiat et, eros.\n\nVestibulum ac est lacinia nisi venenatis tristique. Fusce congue, diam id ornare imperdiet, sapien urna pretium nisl, ut volutpat sapien arcu sed augue. Aliquam erat volutpat.\n\nIn congue. Etiam justo. Etiam pretium iaculis justo.",
  "from-name": "Jada Shoubridge",
  "from-email": "jshoubridger@bluehost.com"
}, {
  "id": "21f7bb67-58ea-4f79-b73a-e986e8051a51",
  "to-name": "CSE186 Student",
  "to-email": "cse186-student@ucsc.edu",
  "subject": "Running Man, The",
  "received": "2019-08-14T12:38:25Z",
  "content": "Aliquam quis turpis eget elit sodales scelerisque. Mauris sit amet eros. Suspendisse accumsan tortor quis turpis.\n\nSed ante. Vivamus tortor. Duis mattis egestas metus.\n\nAenean fermentum. Donec ut mauris eget massa tempor convallis. Nulla neque libero, convallis eget, eleifend luctus, ultricies eu, nibh.",
  "from-name": "Gilberta Tilston",
  "from-email": "gtilstons@vistaprint.com"
}, {
  "id": "10e08d19-345d-4d4a-ba32-b856bfc1b933",
  "to-name": "CSE186 Student",
  "to-email": "cse186-student@ucsc.edu",
  "subject": "Son of Babylon (Syn Babilonu)",
  "received": "2019-06-07T13:59:35Z",
  "content": "Duis bibendum, felis sed interdum venenatis, turpis enim blandit mi, in porttitor pede justo eu massa. Donec dapibus. Duis at velit eu est congue elementum.\n\nIn hac habitasse platea dictumst. Morbi vestibulum, velit id pretium iaculis, diam erat fermentum justo, nec condimentum neque sapien placerat ante. Nulla justo.\n\nAliquam quis turpis eget elit sodales scelerisque. Mauris sit amet eros. Suspendisse accumsan tortor quis turpis.\n\nSed ante. Vivamus tortor. Duis mattis egestas metus.\n\nAenean fermentum. Donec ut mauris eget massa tempor convallis. Nulla neque libero, convallis eget, eleifend luctus, ultricies eu, nibh.",
  "from-name": "Alanna Wincer",
  "from-email": "awincert@ted.com"
}, {
  "id": "4d435025-e7c2-4339-84e8-1881924fd312",
  "to-name": "CSE186 Student",
  "to-email": "cse186-student@ucsc.edu",
  "subject": "Oh, God! You Devil",
  "received": "2019-09-28T02:55:40Z",
  "content": "Maecenas tristique, est et tempus semper, est quam pharetra magna, ac consequat metus sapien ut nunc. Vestibulum ante ipsum primis in faucibus orci luctus et ultrices posuere cubilia Curae; Mauris viverra diam vitae quam. Suspendisse potenti.\n\nNullam porttitor lacus at turpis. Donec posuere metus vitae ipsum. Aliquam non mauris.\n\nMorbi non lectus. Aliquam sit amet diam in magna bibendum imperdiet. Nullam orci pede, venenatis non, sodales sed, tincidunt eu, felis.",
  "from-name": "Saxe Hyde-Chambers",
  "from-email": "shydechambersu@toplist.cz"
}, {
  "id": "edf52750-e62e-4faf-870e-155353bb21ac",
  "to-name": "CSE186 Student",
  "to-email": "cse186-student@ucsc.edu",
  "subject": "Girl Shy",
  "received": "2019-10-31T11:40:38Z",
  "content": "Curabitur gravida nisi at nibh. In hac habitasse platea dictumst. Aliquam augue quam, sollicitudin vitae, consectetuer eget, rutrum at, lorem.\n\nInteger tincidunt ante vel ipsum. Praesent blandit lacinia erat. Vestibulum sed magna at nunc commodo placerat.",
  "from-name": "Edita Grishkov",
  "from-email": "egrishkovv@unicef.org"
}, {
  "id": "47ca6c2e-7c6d-4e8d-ba8c-d925ae92197f",
  "to-name": "CSE186 Student",
  "to-email": "cse186-student@ucsc.edu",
  "subject": "Hell and High Water",
  "received": "2020-08-26T19:34:20Z",
  "content": "Integer tincidunt ante vel ipsum. Praesent blandit lacinia erat. Vestibulum sed magna at nunc commodo placerat.\n\nPraesent blandit. Nam nulla. Integer pede justo, lacinia eget, tincidunt eget, tempus vel, pede.\n\nMorbi porttitor lorem id ligula. Suspendisse ornare consequat lectus. In est risus, auctor sed, tristique in, tempus sit amet, sem.\n\nFusce consequat. Nulla nisl. Nunc nisl.",
  "from-name": "Antons Woloschin",
  "from-email": "awoloschinw@theatlantic.com"
}, {
  "id": "e5aa9351-4cd2-45fb-9dfc-02accc951aec",
  "to-name": "CSE186 Student",
  "to-email": "cse186-student@ucsc.edu",
  "subject": "Swimsuit Issue, The (Allt flyter)",
  "received": "2019-05-07T11:44:38Z",
  "content": "Duis bibendum, felis sed interdum venenatis, turpis enim blandit mi, in porttitor pede justo eu massa. Donec dapibus. Duis at velit eu est congue elementum.\n\nIn hac habitasse platea dictumst. Morbi vestibulum, velit id pretium iaculis, diam erat fermentum justo, nec condimentum neque sapien placerat ante. Nulla justo.\n\nAliquam quis turpis eget elit sodales scelerisque. Mauris sit amet eros. Suspendisse accumsan tortor quis turpis.\n\nSed ante. Vivamus tortor. Duis mattis egestas metus.\n\nAenean fermentum. Donec ut mauris eget massa tempor convallis. Nulla neque libero, convallis eget, eleifend luctus, ultricies eu, nibh.",
  "from-name": "Collette Oldridge",
  "from-email": "coldridgex@1und1.de"
}, {
  "id": "e8adb56d-f2e6-4926-8d39-55a51760adae",
  "to-name": "CSE186 Student",
  "to-email": "cse186-student@ucsc.edu",
  "subject": "Little Accidents",
  "received": "2019-09-05T05:40:08Z",
  "content": "Cum sociis natoque penatibus et magnis dis parturient montes, nascetur ridiculus mus. Vivamus vestibulum sagittis sapien. Cum sociis natoque penatibus et magnis dis parturient montes, nascetur ridiculus mus.\n\nEtiam vel augue. Vestibulum rutrum rutrum neque. Aenean auctor gravida sem.\n\nPraesent id massa id nisl venenatis lacinia. Aenean sit amet justo. Morbi ut odio.",
  "from-name": "Bobby Risborough",
  "from-email": "brisboroughy@seesaa.net"
}, {
  "id": "7e4017cd-aaab-48f5-878c-2d98736dc6cf",
  "to-name": "CSE186 Student",
  "to-email": "cse186-student@ucsc.edu",
  "subject": "Gregory Crewdson: Brief Encounters",
  "received": "2020-07-05T14:23:47Z",
  "content": "Sed ante. Vivamus tortor. Duis mattis egestas metus.\n\nAenean fermentum. Donec ut mauris eget massa tempor convallis. Nulla neque libero, convallis eget, eleifend luctus, ultricies eu, nibh.",
  "from-name": "Nichol Winyard",
  "from-email": "nwinyardz@wufoo.com"
}, {
  "id": "98b25bda-a3f8-4ab5-855f-1941b4212def",
  "to-name": "CSE186 Student",
  "to-email": "cse186-student@ucsc.edu",
  "subject": "Paulette",
  "received": "2019-07-03T09:19:15Z",
  "content": "Suspendisse potenti. In eleifend quam a odio. In hac habitasse platea dictumst.\n\nMaecenas ut massa quis augue luctus tincidunt. Nulla mollis molestie lorem. Quisque ut erat.\n\nCurabitur gravida nisi at nibh. In hac habitasse platea dictumst. Aliquam augue quam, sollicitudin vitae, consectetuer eget, rutrum at, lorem.\n\nInteger tincidunt ante vel ipsum. Praesent blandit lacinia erat. Vestibulum sed magna at nunc commodo placerat.\n\nPraesent blandit. Nam nulla. Integer pede justo, lacinia eget, tincidunt eget, tempus vel, pede.",
  "from-name": "Caprice Orehead",
  "from-email": "corehead10@tmall.com"
}, {
  "id": "a102f038-a350-4d71-a1b6-0be4329d5e19",
  "to-name": "CSE186 Student",
  "to-email": "cse186-student@ucsc.edu",
  "subject": "Movie 43",
  "received": "2019-11-02T19:14:14Z",
  "content": "Mauris enim leo, rhoncus sed, vestibulum sit amet, cursus id, turpis. Integer aliquet, massa id lobortis convallis, tortor risus dapibus augue, vel accumsan tellus nisi eu orci. Mauris lacinia sapien quis libero.\n\nNullam sit amet turpis elementum ligula vehicula consequat. Morbi a ipsum. Integer a nibh.\n\nIn quis justo. Maecenas rhoncus aliquam lacus. Morbi quis tortor id nulla ultrices aliquet.\n\nMaecenas leo odio, condimentum id, luctus nec, molestie sed, justo. Pellentesque viverra pede ac diam. Cras pellentesque volutpat dui.",
  "from-name": "Romonda Thouless",
  "from-email": "rthouless11@behance.net"
}, {
  "id": "4f8039c9-8482-4484-8ab5-eb666d5fd886",
  "to-name": "CSE186 Student",
  "to-email": "cse186-student@ucsc.edu",
  "subject": "Good Guys and the Bad Guys, The",
  "received": "2020-08-04T08:44:49Z",
  "content": "Cras non velit nec nisi vulputate nonummy. Maecenas tincidunt lacus at velit. Vivamus vel nulla eget eros elementum pellentesque.\n\nQuisque porta volutpat erat. Quisque erat eros, viverra eget, congue eget, semper rutrum, nulla. Nunc purus.\n\nPhasellus in felis. Donec semper sapien a libero. Nam dui.\n\nProin leo odio, porttitor id, consequat in, consequat ut, nulla. Sed accumsan felis. Ut at dolor quis odio consequat varius.\n\nInteger ac leo. Pellentesque ultrices mattis odio. Donec vitae nisi.",
  "from-name": "Dav De Cristoforo",
  "from-email": "dde12@sciencedirect.com"
}, {
  "id": "97921a44-a023-4b8c-a129-edd25a2bcf91",
  "to-name": "CSE186 Student",
  "to-email": "cse186-student@ucsc.edu",
  "subject": "Sunset Blvd. (a.k.a. Sunset Boulevard)",
  "received": "2019-10-22T20:00:20Z",
  "content": "Duis bibendum, felis sed interdum venenatis, turpis enim blandit mi, in porttitor pede justo eu massa. Donec dapibus. Duis at velit eu est congue elementum.\n\nIn hac habitasse platea dictumst. Morbi vestibulum, velit id pretium iaculis, diam erat fermentum justo, nec condimentum neque sapien placerat ante. Nulla justo.\n\nAliquam quis turpis eget elit sodales scelerisque. Mauris sit amet eros. Suspendisse accumsan tortor quis turpis.",
  "from-name": "Alyosha Farny",
  "from-email": "afarny13@ask.com"
}, {
  "id": "963f2d3c-00f9-4889-92cf-e96ea60fb6a1",
  "to-name": "CSE186 Student",
  "to-email": "cse186-student@ucsc.edu",
  "subject": "Thief of Damascus",
  "received": "2019-08-16T05:36:21Z",
  "content": "Etiam vel augue. Vestibulum rutrum rutrum neque. Aenean auctor gravida sem.\n\nPraesent id massa id nisl venenatis lacinia. Aenean sit amet justo. Morbi ut odio.\n\nCras mi pede, malesuada in, imperdiet et, commodo vulputate, justo. In blandit ultrices enim. Lorem ipsum dolor sit amet, consectetuer adipiscing elit.",
  "from-name": "Jorie Smeed",
  "from-email": "jsmeed14@ning.com"
}, {
  "id": "145efb98-e5f8-48be-acab-a3dff58a6443",
  "to-name": "CSE186 Student",
  "to-email": "cse186-student@ucsc.edu",
  "subject": "Project X",
  "received": "2019-01-20T11:01:08Z",
  "content": "In quis justo. Maecenas rhoncus aliquam lacus. Morbi quis tortor id nulla ultrices aliquet.\n\nMaecenas leo odio, condimentum id, luctus nec, molestie sed, justo. Pellentesque viverra pede ac diam. Cras pellentesque volutpat dui.",
  "from-name": "Brandise Jellicorse",
  "from-email": "bjellicorse15@hp.com"
}, {
  "id": "8cae9dae-9c58-4d4e-ad32-9b9213bff063",
  "to-name": "CSE186 Student",
  "to-email": "cse186-student@ucsc.edu",
  "subject": "Magic of Ordinary Days, The",
  "received": "2019-08-29T20:19:19Z",
  "content": "Mauris enim leo, rhoncus sed, vestibulum sit amet, cursus id, turpis. Integer aliquet, massa id lobortis convallis, tortor risus dapibus augue, vel accumsan tellus nisi eu orci. Mauris lacinia sapien quis libero.\n\nNullam sit amet turpis elementum ligula vehicula consequat. Morbi a ipsum. Integer a nibh.",
  "from-name": "Kim Flounders",
  "from-email": "kflounders16@house.gov"
}, {
  "id": "588f5ef2-d948-4f9f-aa03-9aa4df93ef95",
  "to-name": "CSE186 Student",
  "to-email": "cse186-student@ucsc.edu",
  "subject": "Kagerô-za",
  "received": "2020-04-04T02:43:08Z",
  "content": "Proin eu mi. Nulla ac enim. In tempor, turpis nec euismod scelerisque, quam turpis adipiscing lorem, vitae mattis nibh ligula nec sem.\n\nDuis aliquam convallis nunc. Proin at turpis a pede posuere nonummy. Integer non velit.",
  "from-name": "Barty Laise",
  "from-email": "blaise17@istockphoto.com"
}, {
  "id": "24489db0-08fb-401c-9595-f80954e7c7cd",
  "to-name": "CSE186 Student",
  "to-email": "cse186-student@ucsc.edu",
  "subject": "The Land Before Time V: The Mysterious Island",
  "received": "2019-02-13T18:52:56Z",
  "content": "Proin leo odio, porttitor id, consequat in, consequat ut, nulla. Sed accumsan felis. Ut at dolor quis odio consequat varius.\n\nInteger ac leo. Pellentesque ultrices mattis odio. Donec vitae nisi.\n\nNam ultrices, libero non mattis pulvinar, nulla pede ullamcorper augue, a suscipit nulla elit ac nulla. Sed vel enim sit amet nunc viverra dapibus. Nulla suscipit ligula in lacus.",
  "from-name": "Tanney Mockford",
  "from-email": "tmockford18@pbs.org"
}, {
  "id": "3cbfb043-1170-4b34-9984-7bfdfdc17577",
  "to-name": "CSE186 Student",
  "to-email": "cse186-student@ucsc.edu",
  "subject": "Crash Dive",
  "received": "2019-08-13T21:40:24Z",
  "content": "Proin leo odio, porttitor id, consequat in, consequat ut, nulla. Sed accumsan felis. Ut at dolor quis odio consequat varius.\n\nInteger ac leo. Pellentesque ultrices mattis odio. Donec vitae nisi.",
  "from-name": "Tiffani Delaprelle",
  "from-email": "tdelaprelle19@toplist.cz"
}, {
  "id": "89dea9f9-a337-437c-a9a3-b0bd85e9f4bf",
  "to-name": "CSE186 Student",
  "to-email": "cse186-student@ucsc.edu",
  "subject": "Billabong Odyssey",
  "received": "2019-09-05T09:01:22Z",
  "content": "In hac habitasse platea dictumst. Morbi vestibulum, velit id pretium iaculis, diam erat fermentum justo, nec condimentum neque sapien placerat ante. Nulla justo.\n\nAliquam quis turpis eget elit sodales scelerisque. Mauris sit amet eros. Suspendisse accumsan tortor quis turpis.\n\nSed ante. Vivamus tortor. Duis mattis egestas metus.",
  "from-name": "Nanci Graben",
  "from-email": "ngraben1a@digg.com"
}, {
  "id": "31f5ee53-4dd4-4f0b-aae3-c4ffdfc804a8",
  "to-name": "CSE186 Student",
  "to-email": "cse186-student@ucsc.edu",
  "subject": "The Anomaly",
  "received": "2020-08-16T19:33:18Z",
  "content": "Fusce posuere felis sed lacus. Morbi sem mauris, laoreet ut, rhoncus aliquet, pulvinar sed, nisl. Nunc rhoncus dui vel sem.\n\nSed sagittis. Nam congue, risus semper porta volutpat, quam pede lobortis ligula, sit amet eleifend pede libero quis orci. Nullam molestie nibh in lectus.",
  "from-name": "Perkin Pacheco",
  "from-email": "ppacheco1b@studiopress.com"
}, {
  "id": "d2b88452-085d-44e4-8c12-cbc4d7fed6ff",
  "to-name": "CSE186 Student",
  "to-email": "cse186-student@ucsc.edu",
  "subject": "Knights",
  "received": "2020-04-26T13:53:28Z",
  "content": "Sed ante. Vivamus tortor. Duis mattis egestas metus.\n\nAenean fermentum. Donec ut mauris eget massa tempor convallis. Nulla neque libero, convallis eget, eleifend luctus, ultricies eu, nibh.\n\nQuisque id justo sit amet sapien dignissim vestibulum. Vestibulum ante ipsum primis in faucibus orci luctus et ultrices posuere cubilia Curae; Nulla dapibus dolor vel est. Donec odio justo, sollicitudin ut, suscipit a, feugiat et, eros.",
  "from-name": "Madge Gilleon",
  "from-email": "mgilleon1c@earthlink.net"
}, {
  "id": "24da925b-9170-441c-978a-a5f7c3b82d6f",
  "to-name": "CSE186 Student",
  "to-email": "cse186-student@ucsc.edu",
  "subject": "Slumdog Millionaire",
  "received": "2020-01-15T08:02:35Z",
  "content": "Duis aliquam convallis nunc. Proin at turpis a pede posuere nonummy. Integer non velit.\n\nDonec diam neque, vestibulum eget, vulputate ut, ultrices vel, augue. Vestibulum ante ipsum primis in faucibus orci luctus et ultrices posuere cubilia Curae; Donec pharetra, magna vestibulum aliquet ultrices, erat tortor sollicitudin mi, sit amet lobortis sapien sapien non mi. Integer ac neque.\n\nDuis bibendum. Morbi non quam nec dui luctus rutrum. Nulla tellus.\n\nIn sagittis dui vel nisl. Duis ac nibh. Fusce lacus purus, aliquet at, feugiat non, pretium quis, lectus.\n\nSuspendisse potenti. In eleifend quam a odio. In hac habitasse platea dictumst.",
  "from-name": "Florance Battill",
  "from-email": "fbattill1d@networkadvertising.org"
}, {
  "id": "714fbb07-831c-4b41-adfa-58f4bdc2fc8a",
  "to-name": "CSE186 Student",
  "to-email": "cse186-student@ucsc.edu",
  "subject": "Tequila Sunrise",
  "received": "2019-10-15T08:39:53Z",
  "content": "Vestibulum ac est lacinia nisi venenatis tristique. Fusce congue, diam id ornare imperdiet, sapien urna pretium nisl, ut volutpat sapien arcu sed augue. Aliquam erat volutpat.\n\nIn congue. Etiam justo. Etiam pretium iaculis justo.\n\nIn hac habitasse platea dictumst. Etiam faucibus cursus urna. Ut tellus.\n\nNulla ut erat id mauris vulputate elementum. Nullam varius. Nulla facilisi.\n\nCras non velit nec nisi vulputate nonummy. Maecenas tincidunt lacus at velit. Vivamus vel nulla eget eros elementum pellentesque.",
  "from-name": "Brynna Ovenell",
  "from-email": "bovenell1e@spotify.com"
}, {
  "id": "20264fea-8b89-4fc3-9886-e787d75f8906",
  "to-name": "CSE186 Student",
  "to-email": "cse186-student@ucsc.edu",
  "subject": "Country",
  "received": "2019-06-06T09:05:27Z",
  "content": "Suspendisse potenti. In eleifend quam a odio. In hac habitasse platea dictumst.\n\nMaecenas ut massa quis augue luctus tincidunt. Nulla mollis molestie lorem. Quisque ut erat.",
  "from-name": "Violante McIlhagga",
  "from-email": "vmcilhagga1f@ifeng.com"
}, {
  "id": "fc44c08f-1e30-4c81-b4fa-351efa86ccdd",
  "to-name": "CSE186 Student",
  "to-email": "cse186-student@ucsc.edu",
  "subject": "Calvary",
  "received": "2020-08-19T03:09:38Z",
  "content": "Cum sociis natoque penatibus et magnis dis parturient montes, nascetur ridiculus mus. Vivamus vestibulum sagittis sapien. Cum sociis natoque penatibus et magnis dis parturient montes, nascetur ridiculus mus.\n\nEtiam vel augue. Vestibulum rutrum rutrum neque. Aenean auctor gravida sem.\n\nPraesent id massa id nisl venenatis lacinia. Aenean sit amet justo. Morbi ut odio.\n\nCras mi pede, malesuada in, imperdiet et, commodo vulputate, justo. In blandit ultrices enim. Lorem ipsum dolor sit amet, consectetuer adipiscing elit.",
  "from-name": "Eugenio Von Gladbach",
  "from-email": "evon1g@digg.com"
}, {
  "id": "d9699c08-1e01-4212-a453-27d19e0dd100",
  "to-name": "CSE186 Student",
  "to-email": "cse186-student@ucsc.edu",
  "subject": "Recruiter, The",
  "received": "2019-01-13T10:52:25Z",
  "content": "Pellentesque at nulla. Suspendisse potenti. Cras in purus eu magna vulputate luctus.\n\nCum sociis natoque penatibus et magnis dis parturient montes, nascetur ridiculus mus. Vivamus vestibulum sagittis sapien. Cum sociis natoque penatibus et magnis dis parturient montes, nascetur ridiculus mus.\n\nEtiam vel augue. Vestibulum rutrum rutrum neque. Aenean auctor gravida sem.",
  "from-name": "Briano Witherup",
  "from-email": "bwitherup1h@t.co"
}, {
  "id": "db77abef-8f44-4bbc-a355-3532bf80ce77",
  "to-name": "CSE186 Student",
  "to-email": "cse186-student@ucsc.edu",
  "subject": "Flock, The",
  "received": "2020-05-13T12:20:16Z",
  "content": "Fusce posuere felis sed lacus. Morbi sem mauris, laoreet ut, rhoncus aliquet, pulvinar sed, nisl. Nunc rhoncus dui vel sem.\n\nSed sagittis. Nam congue, risus semper porta volutpat, quam pede lobortis ligula, sit amet eleifend pede libero quis orci. Nullam molestie nibh in lectus.\n\nPellentesque at nulla. Suspendisse potenti. Cras in purus eu magna vulputate luctus.\n\nCum sociis natoque penatibus et magnis dis parturient montes, nascetur ridiculus mus. Vivamus vestibulum sagittis sapien. Cum sociis natoque penatibus et magnis dis parturient montes, nascetur ridiculus mus.\n\nEtiam vel augue. Vestibulum rutrum rutrum neque. Aenean auctor gravida sem.",
  "from-name": "Clara Merrydew",
  "from-email": "cmerrydew1i@liveinternet.ru"
}, {
  "id": "27fd0884-debd-461b-bba4-d93cacd6c243",
  "to-name": "CSE186 Student",
  "to-email": "cse186-student@ucsc.edu",
  "subject": "Returner (Ritaanaa)",
  "received": "2019-08-11T22:05:51Z",
  "content": "In sagittis dui vel nisl. Duis ac nibh. Fusce lacus purus, aliquet at, feugiat non, pretium quis, lectus.\n\nSuspendisse potenti. In eleifend quam a odio. In hac habitasse platea dictumst.\n\nMaecenas ut massa quis augue luctus tincidunt. Nulla mollis molestie lorem. Quisque ut erat.\n\nCurabitur gravida nisi at nibh. In hac habitasse platea dictumst. Aliquam augue quam, sollicitudin vitae, consectetuer eget, rutrum at, lorem.",
  "from-name": "Rachelle Westmerland",
  "from-email": "rwestmerland1j@vinaora.com"
}, {
  "id": "cf8784f9-eb6f-4f3f-bca4-afae835ab2a3",
  "to-name": "CSE186 Student",
  "to-email": "cse186-student@ucsc.edu",
  "subject": "Heartbeats (Les amours imaginaires)",
  "received": "2020-08-02T09:56:49Z",
  "content": "Nullam porttitor lacus at turpis. Donec posuere metus vitae ipsum. Aliquam non mauris.\n\nMorbi non lectus. Aliquam sit amet diam in magna bibendum imperdiet. Nullam orci pede, venenatis non, sodales sed, tincidunt eu, felis.",
  "from-name": "Hermine McLenaghan",
  "from-email": "hmclenaghan1k@people.com.cn"
}, {
  "id": "12d7a336-967a-4079-981a-b10fb0636f2f",
  "to-name": "CSE186 Student",
  "to-email": "cse186-student@ucsc.edu",
  "subject": "Kings of the Road (Im Lauf der Zeit)",
  "received": "2019-12-25T14:28:00Z",
  "content": "Proin leo odio, porttitor id, consequat in, consequat ut, nulla. Sed accumsan felis. Ut at dolor quis odio consequat varius.\n\nInteger ac leo. Pellentesque ultrices mattis odio. Donec vitae nisi.\n\nNam ultrices, libero non mattis pulvinar, nulla pede ullamcorper augue, a suscipit nulla elit ac nulla. Sed vel enim sit amet nunc viverra dapibus. Nulla suscipit ligula in lacus.",
  "from-name": "Noble Walduck",
  "from-email": "nwalduck1l@sciencedaily.com"
}, {
  "id": "59aa04ea-d3b3-4396-bc73-5fd9ca4c8b89",
  "to-name": "CSE186 Student",
  "to-email": "cse186-student@ucsc.edu",
  "subject": "Sarraounia",
  "received": "2019-05-17T19:54:12Z",
  "content": "Lorem ipsum dolor sit amet, consectetuer adipiscing elit. Proin risus. Praesent lectus.\n\nVestibulum quam sapien, varius ut, blandit non, interdum in, ante. Vestibulum ante ipsum primis in faucibus orci luctus et ultrices posuere cubilia Curae; Duis faucibus accumsan odio. Curabitur convallis.\n\nDuis consequat dui nec nisi volutpat eleifend. Donec ut dolor. Morbi vel lectus in quam fringilla rhoncus.",
  "from-name": "Friederike Valentin",
  "from-email": "fvalentin1m@example.com"
}, {
  "id": "230b885d-1ed3-44fe-8bc2-73440df9f399",
  "to-name": "CSE186 Student",
  "to-email": "cse186-student@ucsc.edu",
  "subject": "Big Daddy",
  "received": "2020-01-31T16:57:40Z",
  "content": "Sed sagittis. Nam congue, risus semper porta volutpat, quam pede lobortis ligula, sit amet eleifend pede libero quis orci. Nullam molestie nibh in lectus.\n\nPellentesque at nulla. Suspendisse potenti. Cras in purus eu magna vulputate luctus.\n\nCum sociis natoque penatibus et magnis dis parturient montes, nascetur ridiculus mus. Vivamus vestibulum sagittis sapien. Cum sociis natoque penatibus et magnis dis parturient montes, nascetur ridiculus mus.\n\nEtiam vel augue. Vestibulum rutrum rutrum neque. Aenean auctor gravida sem.",
  "from-name": "Amber Wasteney",
  "from-email": "awasteney1n@epa.gov"
}, {
  "id": "808b8a72-2846-4d4f-a8e3-99ccdb36e8cb",
  "to-name": "CSE186 Student",
  "to-email": "cse186-student@ucsc.edu",
  "subject": "Another Day in Paradise",
  "received": "2020-02-12T04:56:51Z",
  "content": "Sed ante. Vivamus tortor. Duis mattis egestas metus.\n\nAenean fermentum. Donec ut mauris eget massa tempor convallis. Nulla neque libero, convallis eget, eleifend luctus, ultricies eu, nibh.\n\nQuisque id justo sit amet sapien dignissim vestibulum. Vestibulum ante ipsum primis in faucibus orci luctus et ultrices posuere cubilia Curae; Nulla dapibus dolor vel est. Donec odio justo, sollicitudin ut, suscipit a, feugiat et, eros.\n\nVestibulum ac est lacinia nisi venenatis tristique. Fusce congue, diam id ornare imperdiet, sapien urna pretium nisl, ut volutpat sapien arcu sed augue. Aliquam erat volutpat.",
  "from-name": "Ambrosio Mocquer",
  "from-email": "amocquer1o@blogger.com"
}, {
  "id": "13a527f6-a0c1-4fc1-a0dd-d5c5528304ea",
  "to-name": "CSE186 Student",
  "to-email": "cse186-student@ucsc.edu",
  "subject": "Toys",
  "received": "2020-07-31T20:21:13Z",
  "content": "Sed ante. Vivamus tortor. Duis mattis egestas metus.\n\nAenean fermentum. Donec ut mauris eget massa tempor convallis. Nulla neque libero, convallis eget, eleifend luctus, ultricies eu, nibh.\n\nQuisque id justo sit amet sapien dignissim vestibulum. Vestibulum ante ipsum primis in faucibus orci luctus et ultrices posuere cubilia Curae; Nulla dapibus dolor vel est. Donec odio justo, sollicitudin ut, suscipit a, feugiat et, eros.",
  "from-name": "Jeddy Clardge",
  "from-email": "jclardge1p@chicagotribune.com"
}, {
  "id": "2aea07ab-45cc-452b-8a1b-c839bd8ad772",
  "to-name": "CSE186 Student",
  "to-email": "cse186-student@ucsc.edu",
  "subject": "Big Bang Theory, The (2007-)",
  "received": "2020-07-16T12:49:30Z",
  "content": "Fusce consequat. Nulla nisl. Nunc nisl.\n\nDuis bibendum, felis sed interdum venenatis, turpis enim blandit mi, in porttitor pede justo eu massa. Donec dapibus. Duis at velit eu est congue elementum.\n\nIn hac habitasse platea dictumst. Morbi vestibulum, velit id pretium iaculis, diam erat fermentum justo, nec condimentum neque sapien placerat ante. Nulla justo.\n\nAliquam quis turpis eget elit sodales scelerisque. Mauris sit amet eros. Suspendisse accumsan tortor quis turpis.",
  "from-name": "Paten De Moreno",
  "from-email": "pde1q@miitbeian.gov.cn"
}, {
  "id": "76cfb5bb-85d2-4d8b-8d2b-6e241f3b5666",
  "to-name": "CSE186 Student",
  "to-email": "cse186-student@ucsc.edu",
  "subject": "Project A 2 ('A' gai wak juk jap)",
  "received": "2020-03-21T23:25:08Z",
  "content": "Morbi non lectus. Aliquam sit amet diam in magna bibendum imperdiet. Nullam orci pede, venenatis non, sodales sed, tincidunt eu, felis.\n\nFusce posuere felis sed lacus. Morbi sem mauris, laoreet ut, rhoncus aliquet, pulvinar sed, nisl. Nunc rhoncus dui vel sem.\n\nSed sagittis. Nam congue, risus semper porta volutpat, quam pede lobortis ligula, sit amet eleifend pede libero quis orci. Nullam molestie nibh in lectus.\n\nPellentesque at nulla. Suspendisse potenti. Cras in purus eu magna vulputate luctus.\n\nCum sociis natoque penatibus et magnis dis parturient montes, nascetur ridiculus mus. Vivamus vestibulum sagittis sapien. Cum sociis natoque penatibus et magnis dis parturient montes, nascetur ridiculus mus.",
  "from-name": "Jerry Bielefeld",
  "from-email": "jbielefeld1r@chicagotribune.com"
}, {
  "id": "38f569a6-d7ca-4ae4-83a6-23aa49ab7fea",
  "to-name": "CSE186 Student",
  "to-email": "cse186-student@ucsc.edu",
  "subject": "Henry: Portrait of a Serial Killer, Part 2",
  "received": "2020-01-11T10:34:14Z",
  "content": "Curabitur gravida nisi at nibh. In hac habitasse platea dictumst. Aliquam augue quam, sollicitudin vitae, consectetuer eget, rutrum at, lorem.\n\nInteger tincidunt ante vel ipsum. Praesent blandit lacinia erat. Vestibulum sed magna at nunc commodo placerat.",
  "from-name": "Kandy St Clair",
  "from-email": "kst1s@blinklist.com"
}, {
  "id": "5b251b48-604b-4f36-bfbd-781a4da1e506",
  "to-name": "CSE186 Student",
  "to-email": "cse186-student@ucsc.edu",
  "subject": "Architecture of Doom, The (Undergångens arkitektur)",
  "received": "2020-03-20T03:04:53Z",
  "content": "Sed ante. Vivamus tortor. Duis mattis egestas metus.\n\nAenean fermentum. Donec ut mauris eget massa tempor convallis. Nulla neque libero, convallis eget, eleifend luctus, ultricies eu, nibh.\n\nQuisque id justo sit amet sapien dignissim vestibulum. Vestibulum ante ipsum primis in faucibus orci luctus et ultrices posuere cubilia Curae; Nulla dapibus dolor vel est. Donec odio justo, sollicitudin ut, suscipit a, feugiat et, eros.",
  "from-name": "Odille Ridge",
  "from-email": "oridge1t@earthlink.net"
}, {
  "id": "6fdd9ffd-68b7-4e83-a9c3-af50c5521b32",
  "to-name": "CSE186 Student",
  "to-email": "cse186-student@ucsc.edu",
  "subject": "Time Freak",
  "received": "2020-09-12T09:14:02Z",
  "content": "Maecenas leo odio, condimentum id, luctus nec, molestie sed, justo. Pellentesque viverra pede ac diam. Cras pellentesque volutpat dui.\n\nMaecenas tristique, est et tempus semper, est quam pharetra magna, ac consequat metus sapien ut nunc. Vestibulum ante ipsum primis in faucibus orci luctus et ultrices posuere cubilia Curae; Mauris viverra diam vitae quam. Suspendisse potenti.\n\nNullam porttitor lacus at turpis. Donec posuere metus vitae ipsum. Aliquam non mauris.",
  "from-name": "Milly Fierman",
  "from-email": "mfierman1u@blogtalkradio.com"
}, {
  "id": "10fedd12-fee5-4467-8cfe-1ec080725cbf",
  "to-name": "CSE186 Student",
  "to-email": "cse186-student@ucsc.edu",
  "subject": "Long Gray Line, The",
  "received": "2019-12-08T03:01:14Z",
  "content": "In hac habitasse platea dictumst. Morbi vestibulum, velit id pretium iaculis, diam erat fermentum justo, nec condimentum neque sapien placerat ante. Nulla justo.\n\nAliquam quis turpis eget elit sodales scelerisque. Mauris sit amet eros. Suspendisse accumsan tortor quis turpis.\n\nSed ante. Vivamus tortor. Duis mattis egestas metus.\n\nAenean fermentum. Donec ut mauris eget massa tempor convallis. Nulla neque libero, convallis eget, eleifend luctus, ultricies eu, nibh.",
  "from-name": "Deanne De L'Isle",
  "from-email": "dde1v@lulu.com"
}, {
  "id": "f4a780ee-f898-40af-a166-c9b9ec75c070",
  "to-name": "CSE186 Student",
  "to-email": "cse186-student@ucsc.edu",
  "subject": "Necessary Death, A",
  "received": "2020-08-28T18:31:09Z",
  "content": "In congue. Etiam justo. Etiam pretium iaculis justo.\n\nIn hac habitasse platea dictumst. Etiam faucibus cursus urna. Ut tellus.\n\nNulla ut erat id mauris vulputate elementum. Nullam varius. Nulla facilisi.",
  "from-name": "Berty Antoni",
  "from-email": "bantoni1w@myspace.com"
}, {
  "id": "70ef2fdd-afa2-41b4-9e17-1700310b2442",
  "to-name": "CSE186 Student",
  "to-email": "cse186-student@ucsc.edu",
  "subject": "Affairs of Anatol, The",
  "received": "2019-10-27T22:58:33Z",
  "content": "Cum sociis natoque penatibus et magnis dis parturient montes, nascetur ridiculus mus. Vivamus vestibulum sagittis sapien. Cum sociis natoque penatibus et magnis dis parturient montes, nascetur ridiculus mus.\n\nEtiam vel augue. Vestibulum rutrum rutrum neque. Aenean auctor gravida sem.",
  "from-name": "Scarface DelaField",
  "from-email": "sdelafield1x@fotki.com"
}, {
  "id": "0700bd77-1a6c-4d32-acc3-9baf9d5c2717",
  "to-name": "CSE186 Student",
  "to-email": "cse186-student@ucsc.edu",
  "subject": "Agenda: Grinding America Down",
  "received": "2019-06-10T05:01:23Z",
  "content": "Proin leo odio, porttitor id, consequat in, consequat ut, nulla. Sed accumsan felis. Ut at dolor quis odio consequat varius.\n\nInteger ac leo. Pellentesque ultrices mattis odio. Donec vitae nisi.\n\nNam ultrices, libero non mattis pulvinar, nulla pede ullamcorper augue, a suscipit nulla elit ac nulla. Sed vel enim sit amet nunc viverra dapibus. Nulla suscipit ligula in lacus.\n\nCurabitur at ipsum ac tellus semper interdum. Mauris ullamcorper purus sit amet nulla. Quisque arcu libero, rutrum ac, lobortis vel, dapibus at, diam.",
  "from-name": "Roseanna Bispham",
  "from-email": "rbispham1y@telegraph.co.uk"
}, {
  "id": "f4bd7809-efb3-407e-b5b7-e2b3fa190c94",
  "to-name": "CSE186 Student",
  "to-email": "cse186-student@ucsc.edu",
  "subject": "Double Indemnity",
  "received": "2020-04-29T02:02:22Z",
  "content": "Pellentesque at nulla. Suspendisse potenti. Cras in purus eu magna vulputate luctus.\n\nCum sociis natoque penatibus et magnis dis parturient montes, nascetur ridiculus mus. Vivamus vestibulum sagittis sapien. Cum sociis natoque penatibus et magnis dis parturient montes, nascetur ridiculus mus.\n\nEtiam vel augue. Vestibulum rutrum rutrum neque. Aenean auctor gravida sem.\n\nPraesent id massa id nisl venenatis lacinia. Aenean sit amet justo. Morbi ut odio.",
  "from-name": "Geneva Ingry",
  "from-email": "gingry1z@phpbb.com"
}, {
  "id": "915d4ab4-4f01-4b76-b492-31e3ddfdd0f5",
  "to-name": "CSE186 Student",
  "to-email": "cse186-student@ucsc.edu",
  "subject": "Drew: The Man Behind the Poster",
  "received": "2019-09-11T14:43:25Z",
  "content": "Cras non velit nec nisi vulputate nonummy. Maecenas tincidunt lacus at velit. Vivamus vel nulla eget eros elementum pellentesque.\n\nQuisque porta volutpat erat. Quisque erat eros, viverra eget, congue eget, semper rutrum, nulla. Nunc purus.\n\nPhasellus in felis. Donec semper sapien a libero. Nam dui.\n\nProin leo odio, porttitor id, consequat in, consequat ut, nulla. Sed accumsan felis. Ut at dolor quis odio consequat varius.\n\nInteger ac leo. Pellentesque ultrices mattis odio. Donec vitae nisi.",
  "from-name": "Abey Alexander",
  "from-email": "aalexander20@cornell.edu"
}, {
  "id": "4742fe44-a29d-4dc2-9a7a-4403510f4f93",
  "to-name": "CSE186 Student",
  "to-email": "cse186-student@ucsc.edu",
  "subject": "Cesar & Rosalie (César et Rosalie)",
  "received": "2019-11-28T20:10:35Z",
  "content": "Curabitur gravida nisi at nibh. In hac habitasse platea dictumst. Aliquam augue quam, sollicitudin vitae, consectetuer eget, rutrum at, lorem.\n\nInteger tincidunt ante vel ipsum. Praesent blandit lacinia erat. Vestibulum sed magna at nunc commodo placerat.",
  "from-name": "Emeline Robecon",
  "from-email": "erobecon21@msu.edu"
}, {
  "id": "da109826-56c2-4f7c-85ab-97147a50408f",
  "to-name": "CSE186 Student",
  "to-email": "cse186-student@ucsc.edu",
  "subject": "The Natural Love",
  "received": "2019-06-15T10:19:39Z",
  "content": "In hac habitasse platea dictumst. Morbi vestibulum, velit id pretium iaculis, diam erat fermentum justo, nec condimentum neque sapien placerat ante. Nulla justo.\n\nAliquam quis turpis eget elit sodales scelerisque. Mauris sit amet eros. Suspendisse accumsan tortor quis turpis.\n\nSed ante. Vivamus tortor. Duis mattis egestas metus.\n\nAenean fermentum. Donec ut mauris eget massa tempor convallis. Nulla neque libero, convallis eget, eleifend luctus, ultricies eu, nibh.\n\nQuisque id justo sit amet sapien dignissim vestibulum. Vestibulum ante ipsum primis in faucibus orci luctus et ultrices posuere cubilia Curae; Nulla dapibus dolor vel est. Donec odio justo, sollicitudin ut, suscipit a, feugiat et, eros.",
  "from-name": "Davy Duchenne",
  "from-email": "dduchenne22@seattletimes.com"
}, {
  "id": "9773f998-c8d1-42f4-9b1a-e0e91032239b",
  "to-name": "CSE186 Student",
  "to-email": "cse186-student@ucsc.edu",
  "subject": "One Piece Film: Strong World",
  "received": "2020-01-05T11:00:54Z",
  "content": "Duis bibendum. Morbi non quam nec dui luctus rutrum. Nulla tellus.\n\nIn sagittis dui vel nisl. Duis ac nibh. Fusce lacus purus, aliquet at, feugiat non, pretium quis, lectus.\n\nSuspendisse potenti. In eleifend quam a odio. In hac habitasse platea dictumst.",
  "from-name": "Saxe Rubke",
  "from-email": "srubke23@yelp.com"
}, {
  "id": "2d72ad78-7b03-4597-86ac-dd6e28906214",
  "to-name": "CSE186 Student",
  "to-email": "cse186-student@ucsc.edu",
  "subject": "Homesman, The",
  "received": "2019-03-18T06:12:12Z",
  "content": "Lorem ipsum dolor sit amet, consectetuer adipiscing elit. Proin risus. Praesent lectus.\n\nVestibulum quam sapien, varius ut, blandit non, interdum in, ante. Vestibulum ante ipsum primis in faucibus orci luctus et ultrices posuere cubilia Curae; Duis faucibus accumsan odio. Curabitur convallis.",
  "from-name": "Jocelyne Vearnals",
  "from-email": "jvearnals24@ustream.tv"
}, {
  "id": "68cf1f59-9225-4763-9cf3-b9482cf2b75c",
  "to-name": "CSE186 Student",
  "to-email": "cse186-student@ucsc.edu",
  "subject": "Brainscan",
  "received": "2020-11-10T05:09:59Z",
  "content": "Proin leo odio, porttitor id, consequat in, consequat ut, nulla. Sed accumsan felis. Ut at dolor quis odio consequat varius.\n\nInteger ac leo. Pellentesque ultrices mattis odio. Donec vitae nisi.",
  "from-name": "Angeline Tarbard",
  "from-email": "atarbard25@statcounter.com"
}, {
  "id": "3f07c1bb-9af6-489f-80de-4656a40c021d",
  "to-name": "CSE186 Student",
  "to-email": "cse186-student@ucsc.edu",
  "subject": "Rains Came, The",
  "received": "2020-10-16T08:26:32Z",
  "content": "Nullam sit amet turpis elementum ligula vehicula consequat. Morbi a ipsum. Integer a nibh.\n\nIn quis justo. Maecenas rhoncus aliquam lacus. Morbi quis tortor id nulla ultrices aliquet.\n\nMaecenas leo odio, condimentum id, luctus nec, molestie sed, justo. Pellentesque viverra pede ac diam. Cras pellentesque volutpat dui.\n\nMaecenas tristique, est et tempus semper, est quam pharetra magna, ac consequat metus sapien ut nunc. Vestibulum ante ipsum primis in faucibus orci luctus et ultrices posuere cubilia Curae; Mauris viverra diam vitae quam. Suspendisse potenti.\n\nNullam porttitor lacus at turpis. Donec posuere metus vitae ipsum. Aliquam non mauris.",
  "from-name": "Muriel Benda",
  "from-email": "mbenda26@biblegateway.com"
}, {
  "id": "eaa91839-2e08-473c-8f76-dd6b5d11e062",
  "to-name": "CSE186 Student",
  "to-email": "cse186-student@ucsc.edu",
  "subject": "Hiroshima ",
  "received": "2020-05-03T12:06:47Z",
  "content": "Cras non velit nec nisi vulputate nonummy. Maecenas tincidunt lacus at velit. Vivamus vel nulla eget eros elementum pellentesque.\n\nQuisque porta volutpat erat. Quisque erat eros, viverra eget, congue eget, semper rutrum, nulla. Nunc purus.\n\nPhasellus in felis. Donec semper sapien a libero. Nam dui.\n\nProin leo odio, porttitor id, consequat in, consequat ut, nulla. Sed accumsan felis. Ut at dolor quis odio consequat varius.",
  "from-name": "Durante Goodband",
  "from-email": "dgoodband27@slideshare.net"
}, {
  "id": "d1986ece-0951-4da5-8193-09ab761a4b52",
  "to-name": "CSE186 Student",
  "to-email": "cse186-student@ucsc.edu",
  "subject": "Zed & Two Noughts, A",
  "received": "2020-02-18T10:33:53Z",
  "content": "In hac habitasse platea dictumst. Etiam faucibus cursus urna. Ut tellus.\n\nNulla ut erat id mauris vulputate elementum. Nullam varius. Nulla facilisi.\n\nCras non velit nec nisi vulputate nonummy. Maecenas tincidunt lacus at velit. Vivamus vel nulla eget eros elementum pellentesque.",
  "from-name": "Byran Gymlett",
  "from-email": "bgymlett28@sogou.com"
}, {
  "id": "f73d9a85-830a-4398-84df-1b2874a1094a",
  "to-name": "CSE186 Student",
  "to-email": "cse186-student@ucsc.edu",
  "subject": "Bad Ronald",
  "received": "2019-08-01T20:50:48Z",
  "content": "Donec diam neque, vestibulum eget, vulputate ut, ultrices vel, augue. Vestibulum ante ipsum primis in faucibus orci luctus et ultrices posuere cubilia Curae; Donec pharetra, magna vestibulum aliquet ultrices, erat tortor sollicitudin mi, sit amet lobortis sapien sapien non mi. Integer ac neque.\n\nDuis bibendum. Morbi non quam nec dui luctus rutrum. Nulla tellus.",
  "from-name": "Seline Hail",
  "from-email": "shail29@sfgate.com"
}, {
  "id": "0c410a6b-b8d3-467a-b07d-18c5570b3d9f",
  "to-name": "CSE186 Student",
  "to-email": "cse186-student@ucsc.edu",
  "subject": "I'll Be There",
  "received": "2019-06-26T01:47:06Z",
  "content": "Donec diam neque, vestibulum eget, vulputate ut, ultrices vel, augue. Vestibulum ante ipsum primis in faucibus orci luctus et ultrices posuere cubilia Curae; Donec pharetra, magna vestibulum aliquet ultrices, erat tortor sollicitudin mi, sit amet lobortis sapien sapien non mi. Integer ac neque.\n\nDuis bibendum. Morbi non quam nec dui luctus rutrum. Nulla tellus.\n\nIn sagittis dui vel nisl. Duis ac nibh. Fusce lacus purus, aliquet at, feugiat non, pretium quis, lectus.\n\nSuspendisse potenti. In eleifend quam a odio. In hac habitasse platea dictumst.",
  "from-name": "Antonetta O'Henery",
  "from-email": "aohenery2a@macromedia.com"
}, {
  "id": "23e07cda-cb56-417a-a520-0f46d50bb168",
  "to-name": "CSE186 Student",
  "to-email": "cse186-student@ucsc.edu",
  "subject": "Emergency Escape, The (Wyjscie awaryjne)",
  "received": "2020-03-05T04:40:08Z",
  "content": "Phasellus in felis. Donec semper sapien a libero. Nam dui.\n\nProin leo odio, porttitor id, consequat in, consequat ut, nulla. Sed accumsan felis. Ut at dolor quis odio consequat varius.\n\nInteger ac leo. Pellentesque ultrices mattis odio. Donec vitae nisi.",
  "from-name": "Ilise De Meyer",
  "from-email": "ide2b@over-blog.com"
}, {
  "id": "920fc43c-27ea-447a-9766-0c2510529acf",
  "to-name": "CSE186 Student",
  "to-email": "cse186-student@ucsc.edu",
  "subject": "Guardians of the Galaxy",
  "received": "2020-02-24T00:53:05Z",
  "content": "Vestibulum quam sapien, varius ut, blandit non, interdum in, ante. Vestibulum ante ipsum primis in faucibus orci luctus et ultrices posuere cubilia Curae; Duis faucibus accumsan odio. Curabitur convallis.\n\nDuis consequat dui nec nisi volutpat eleifend. Donec ut dolor. Morbi vel lectus in quam fringilla rhoncus.\n\nMauris enim leo, rhoncus sed, vestibulum sit amet, cursus id, turpis. Integer aliquet, massa id lobortis convallis, tortor risus dapibus augue, vel accumsan tellus nisi eu orci. Mauris lacinia sapien quis libero.\n\nNullam sit amet turpis elementum ligula vehicula consequat. Morbi a ipsum. Integer a nibh.",
  "from-name": "Vikky Logan",
  "from-email": "vlogan2c@hostgator.com"
}, {
  "id": "a7365851-66cf-419f-8d9d-a666685e56ea",
  "to-name": "CSE186 Student",
  "to-email": "cse186-student@ucsc.edu",
  "subject": "All of Me",
  "received": "2020-08-06T12:12:18Z",
  "content": "Vestibulum quam sapien, varius ut, blandit non, interdum in, ante. Vestibulum ante ipsum primis in faucibus orci luctus et ultrices posuere cubilia Curae; Duis faucibus accumsan odio. Curabitur convallis.\n\nDuis consequat dui nec nisi volutpat eleifend. Donec ut dolor. Morbi vel lectus in quam fringilla rhoncus.\n\nMauris enim leo, rhoncus sed, vestibulum sit amet, cursus id, turpis. Integer aliquet, massa id lobortis convallis, tortor risus dapibus augue, vel accumsan tellus nisi eu orci. Mauris lacinia sapien quis libero.\n\nNullam sit amet turpis elementum ligula vehicula consequat. Morbi a ipsum. Integer a nibh.",
  "from-name": "Anders Reuss",
  "from-email": "areuss2d@usatoday.com"
}, {
  "id": "eb4058c5-f67c-47c9-8249-c03bf2030126",
  "to-name": "CSE186 Student",
  "to-email": "cse186-student@ucsc.edu",
  "subject": "Chizuko's Younger Sister (Futari)",
  "received": "2020-06-04T02:19:04Z",
  "content": "Phasellus in felis. Donec semper sapien a libero. Nam dui.\n\nProin leo odio, porttitor id, consequat in, consequat ut, nulla. Sed accumsan felis. Ut at dolor quis odio consequat varius.\n\nInteger ac leo. Pellentesque ultrices mattis odio. Donec vitae nisi.\n\nNam ultrices, libero non mattis pulvinar, nulla pede ullamcorper augue, a suscipit nulla elit ac nulla. Sed vel enim sit amet nunc viverra dapibus. Nulla suscipit ligula in lacus.",
  "from-name": "Ambros Champney",
  "from-email": "achampney2e@mozilla.org"
}, {
  "id": "53b006f2-0357-41dc-9674-f06352ef1d51",
  "to-name": "CSE186 Student",
  "to-email": "cse186-student@ucsc.edu",
  "subject": "The Deep Six",
  "received": "2019-11-26T18:27:41Z",
  "content": "Fusce posuere felis sed lacus. Morbi sem mauris, laoreet ut, rhoncus aliquet, pulvinar sed, nisl. Nunc rhoncus dui vel sem.\n\nSed sagittis. Nam congue, risus semper porta volutpat, quam pede lobortis ligula, sit amet eleifend pede libero quis orci. Nullam molestie nibh in lectus.\n\nPellentesque at nulla. Suspendisse potenti. Cras in purus eu magna vulputate luctus.\n\nCum sociis natoque penatibus et magnis dis parturient montes, nascetur ridiculus mus. Vivamus vestibulum sagittis sapien. Cum sociis natoque penatibus et magnis dis parturient montes, nascetur ridiculus mus.\n\nEtiam vel augue. Vestibulum rutrum rutrum neque. Aenean auctor gravida sem.",
  "from-name": "Deny Harwell",
  "from-email": "dharwell2f@icq.com"
}, {
  "id": "a13ff79d-cc6c-4a43-a5fa-c39ac195e3f9",
  "to-name": "CSE186 Student",
  "to-email": "cse186-student@ucsc.edu",
  "subject": "Air Doll (Kûki ningyô)",
  "received": "2019-12-07T02:25:21Z",
  "content": "Lorem ipsum dolor sit amet, consectetuer adipiscing elit. Proin risus. Praesent lectus.\n\nVestibulum quam sapien, varius ut, blandit non, interdum in, ante. Vestibulum ante ipsum primis in faucibus orci luctus et ultrices posuere cubilia Curae; Duis faucibus accumsan odio. Curabitur convallis.\n\nDuis consequat dui nec nisi volutpat eleifend. Donec ut dolor. Morbi vel lectus in quam fringilla rhoncus.\n\nMauris enim leo, rhoncus sed, vestibulum sit amet, cursus id, turpis. Integer aliquet, massa id lobortis convallis, tortor risus dapibus augue, vel accumsan tellus nisi eu orci. Mauris lacinia sapien quis libero.",
  "from-name": "Rogers Davinet",
  "from-email": "rdavinet2g@123-reg.co.uk"
}, {
  "id": "f3deecc8-79c0-4e59-87d2-a4c0b48835be",
  "to-name": "CSE186 Student",
  "to-email": "cse186-student@ucsc.edu",
  "subject": "Snow White and the Seven Dwarfs",
  "received": "2020-06-30T03:36:40Z",
  "content": "Etiam vel augue. Vestibulum rutrum rutrum neque. Aenean auctor gravida sem.\n\nPraesent id massa id nisl venenatis lacinia. Aenean sit amet justo. Morbi ut odio.",
  "from-name": "Merrily Piscot",
  "from-email": "mpiscot2h@dell.com"
}, {
  "id": "f3ac9d38-cc05-44c2-8a63-8d756deb8dec",
  "to-name": "CSE186 Student",
  "to-email": "cse186-student@ucsc.edu",
  "subject": "Achilles and the Tortoise (Akiresu to kame)",
  "received": "2020-05-23T18:18:20Z",
  "content": "Etiam vel augue. Vestibulum rutrum rutrum neque. Aenean auctor gravida sem.\n\nPraesent id massa id nisl venenatis lacinia. Aenean sit amet justo. Morbi ut odio.\n\nCras mi pede, malesuada in, imperdiet et, commodo vulputate, justo. In blandit ultrices enim. Lorem ipsum dolor sit amet, consectetuer adipiscing elit.",
  "from-name": "Blair Siberry",
  "from-email": "bsiberry2i@irs.gov"
}, {
  "id": "7535356d-2c98-4b42-975a-db022e9c903c",
  "to-name": "CSE186 Student",
  "to-email": "cse186-student@ucsc.edu",
  "subject": "No Time for Love",
  "received": "2019-04-10T09:18:26Z",
  "content": "Curabitur in libero ut massa volutpat convallis. Morbi odio odio, elementum eu, interdum eu, tincidunt in, leo. Maecenas pulvinar lobortis est.\n\nPhasellus sit amet erat. Nulla tempus. Vivamus in felis eu sapien cursus vestibulum.\n\nProin eu mi. Nulla ac enim. In tempor, turpis nec euismod scelerisque, quam turpis adipiscing lorem, vitae mattis nibh ligula nec sem.\n\nDuis aliquam convallis nunc. Proin at turpis a pede posuere nonummy. Integer non velit.",
  "from-name": "Siobhan Geke",
  "from-email": "sgeke2j@nature.com"
}, {
  "id": "1a92a5ad-9c73-4a6d-867d-3ee866fbed16",
  "to-name": "CSE186 Student",
  "to-email": "cse186-student@ucsc.edu",
  "subject": "Who's the Man?",
  "received": "2020-02-10T21:32:44Z",
  "content": "Maecenas leo odio, condimentum id, luctus nec, molestie sed, justo. Pellentesque viverra pede ac diam. Cras pellentesque volutpat dui.\n\nMaecenas tristique, est et tempus semper, est quam pharetra magna, ac consequat metus sapien ut nunc. Vestibulum ante ipsum primis in faucibus orci luctus et ultrices posuere cubilia Curae; Mauris viverra diam vitae quam. Suspendisse potenti.\n\nNullam porttitor lacus at turpis. Donec posuere metus vitae ipsum. Aliquam non mauris.\n\nMorbi non lectus. Aliquam sit amet diam in magna bibendum imperdiet. Nullam orci pede, venenatis non, sodales sed, tincidunt eu, felis.\n\nFusce posuere felis sed lacus. Morbi sem mauris, laoreet ut, rhoncus aliquet, pulvinar sed, nisl. Nunc rhoncus dui vel sem.",
  "from-name": "Faith Donson",
  "from-email": "fdonson2k@umn.edu"
}, {
  "id": "e2fafeb9-9352-4370-b5b7-26aa0aeef73c",
  "to-name": "CSE186 Student",
  "to-email": "cse186-student@ucsc.edu",
  "subject": "Welcome to the Space Show (Uchû shô e yôkoso)",
  "received": "2019-03-15T09:34:21Z",
  "content": "Sed ante. Vivamus tortor. Duis mattis egestas metus.\n\nAenean fermentum. Donec ut mauris eget massa tempor convallis. Nulla neque libero, convallis eget, eleifend luctus, ultricies eu, nibh.\n\nQuisque id justo sit amet sapien dignissim vestibulum. Vestibulum ante ipsum primis in faucibus orci luctus et ultrices posuere cubilia Curae; Nulla dapibus dolor vel est. Donec odio justo, sollicitudin ut, suscipit a, feugiat et, eros.\n\nVestibulum ac est lacinia nisi venenatis tristique. Fusce congue, diam id ornare imperdiet, sapien urna pretium nisl, ut volutpat sapien arcu sed augue. Aliquam erat volutpat.\n\nIn congue. Etiam justo. Etiam pretium iaculis justo.",
  "from-name": "Julita Purser",
  "from-email": "jpurser2l@tripod.com"
}, {
  "id": "42d5aaf0-fb45-4c3f-9e7e-97a4566cd7bb",
  "to-name": "CSE186 Student",
  "to-email": "cse186-student@ucsc.edu",
  "subject": "Seven Pounds",
  "received": "2020-08-02T10:24:14Z",
  "content": "Cras mi pede, malesuada in, imperdiet et, commodo vulputate, justo. In blandit ultrices enim. Lorem ipsum dolor sit amet, consectetuer adipiscing elit.\n\nProin interdum mauris non ligula pellentesque ultrices. Phasellus id sapien in sapien iaculis congue. Vivamus metus arcu, adipiscing molestie, hendrerit at, vulputate vitae, nisl.\n\nAenean lectus. Pellentesque eget nunc. Donec quis orci eget orci vehicula condimentum.\n\nCurabitur in libero ut massa volutpat convallis. Morbi odio odio, elementum eu, interdum eu, tincidunt in, leo. Maecenas pulvinar lobortis est.\n\nPhasellus sit amet erat. Nulla tempus. Vivamus in felis eu sapien cursus vestibulum.",
  "from-name": "Brianna Davioud",
  "from-email": "bdavioud2m@imgur.com"
}, {
  "id": "cb998e61-b7c3-4adb-8ffb-0cca7ab57837",
  "to-name": "CSE186 Student",
  "to-email": "cse186-student@ucsc.edu",
  "subject": "Whore",
  "received": "2020-01-19T11:39:38Z",
  "content": "Praesent id massa id nisl venenatis lacinia. Aenean sit amet justo. Morbi ut odio.\n\nCras mi pede, malesuada in, imperdiet et, commodo vulputate, justo. In blandit ultrices enim. Lorem ipsum dolor sit amet, consectetuer adipiscing elit.\n\nProin interdum mauris non ligula pellentesque ultrices. Phasellus id sapien in sapien iaculis congue. Vivamus metus arcu, adipiscing molestie, hendrerit at, vulputate vitae, nisl.\n\nAenean lectus. Pellentesque eget nunc. Donec quis orci eget orci vehicula condimentum.",
  "from-name": "Doralynn Ellgood",
  "from-email": "dellgood2n@nasa.gov"
}, {
  "id": "0c0806ff-b2f8-42cc-8f19-e9cc3a8f1858",
  "to-name": "CSE186 Student",
  "to-email": "cse186-student@ucsc.edu",
  "subject": "When Strangers Appear",
  "received": "2020-07-08T16:42:12Z",
  "content": "Aenean lectus. Pellentesque eget nunc. Donec quis orci eget orci vehicula condimentum.\n\nCurabitur in libero ut massa volutpat convallis. Morbi odio odio, elementum eu, interdum eu, tincidunt in, leo. Maecenas pulvinar lobortis est.\n\nPhasellus sit amet erat. Nulla tempus. Vivamus in felis eu sapien cursus vestibulum.\n\nProin eu mi. Nulla ac enim. In tempor, turpis nec euismod scelerisque, quam turpis adipiscing lorem, vitae mattis nibh ligula nec sem.\n\nDuis aliquam convallis nunc. Proin at turpis a pede posuere nonummy. Integer non velit.",
  "from-name": "Bradly Inold",
  "from-email": "binold2o@cloudflare.com"
}, {
  "id": "6e2b7dde-86ca-4478-8374-3883185ca587",
  "to-name": "CSE186 Student",
  "to-email": "cse186-student@ucsc.edu",
  "subject": "Moonraker",
  "received": "2019-02-25T20:08:15Z",
  "content": "Cras mi pede, malesuada in, imperdiet et, commodo vulputate, justo. In blandit ultrices enim. Lorem ipsum dolor sit amet, consectetuer adipiscing elit.\n\nProin interdum mauris non ligula pellentesque ultrices. Phasellus id sapien in sapien iaculis congue. Vivamus metus arcu, adipiscing molestie, hendrerit at, vulputate vitae, nisl.\n\nAenean lectus. Pellentesque eget nunc. Donec quis orci eget orci vehicula condimentum.\n\nCurabitur in libero ut massa volutpat convallis. Morbi odio odio, elementum eu, interdum eu, tincidunt in, leo. Maecenas pulvinar lobortis est.",
  "from-name": "Lyon Spratt",
  "from-email": "lspratt2p@odnoklassniki.ru"
}, {
  "id": "64b0f48b-5302-46a1-9693-53ffdb157a75",
  "to-name": "CSE186 Student",
  "to-email": "cse186-student@ucsc.edu",
  "subject": "Quitting (Zuotian)",
  "received": "2020-05-15T23:21:13Z",
  "content": "Morbi non lectus. Aliquam sit amet diam in magna bibendum imperdiet. Nullam orci pede, venenatis non, sodales sed, tincidunt eu, felis.\n\nFusce posuere felis sed lacus. Morbi sem mauris, laoreet ut, rhoncus aliquet, pulvinar sed, nisl. Nunc rhoncus dui vel sem.\n\nSed sagittis. Nam congue, risus semper porta volutpat, quam pede lobortis ligula, sit amet eleifend pede libero quis orci. Nullam molestie nibh in lectus.\n\nPellentesque at nulla. Suspendisse potenti. Cras in purus eu magna vulputate luctus.\n\nCum sociis natoque penatibus et magnis dis parturient montes, nascetur ridiculus mus. Vivamus vestibulum sagittis sapien. Cum sociis natoque penatibus et magnis dis parturient montes, nascetur ridiculus mus.",
  "from-name": "Edythe Larmour",
  "from-email": "elarmour2q@ovh.net"
}, {
  "id": "99466809-0e30-41e7-a90e-b3aab1c78e77",
  "to-name": "CSE186 Student",
  "to-email": "cse186-student@ucsc.edu",
  "subject": "Wolf",
  "received": "2019-07-02T03:58:50Z",
  "content": "Maecenas leo odio, condimentum id, luctus nec, molestie sed, justo. Pellentesque viverra pede ac diam. Cras pellentesque volutpat dui.\n\nMaecenas tristique, est et tempus semper, est quam pharetra magna, ac consequat metus sapien ut nunc. Vestibulum ante ipsum primis in faucibus orci luctus et ultrices posuere cubilia Curae; Mauris viverra diam vitae quam. Suspendisse potenti.\n\nNullam porttitor lacus at turpis. Donec posuere metus vitae ipsum. Aliquam non mauris.\n\nMorbi non lectus. Aliquam sit amet diam in magna bibendum imperdiet. Nullam orci pede, venenatis non, sodales sed, tincidunt eu, felis.",
  "from-name": "Valli Donavan",
  "from-email": "vdonavan2r@meetup.com"
}]